Business_id,Name,Price Range,Review Count,Stars,Cuisine
_0xMKAK1_ODB_k1CKiI__Q,Yum Yum,1,3,3.5,Fast Food
_31B--Q8eNp8ZLQ8bJabOw,Nor Loch Bar,3,11,2.5,British
_6l_vm7_maYTfO5tpei27A,Stable Bar,3,11,4.5,British
_72Q2LjA3_Tas16Brg8GiA,Fryers Delight,1,5,3.5,Anonymous
_9TAKW96z3RuWLHjKVlqDw,The Three Coins,1,12,5,Pizza
_c7vrEqEGfWKkhXMNZNGXA,Aizle,4,17,5,Anonymous
_cxnSeFM0G5AdvCpJjTb0g,Pizza Express,2,10,3.5,Italian
_hu-d-tbmtqd8xF37LynpA,The Brig,2,3,3.5,British
_Hwdp9pNtJ14MsBujtIa5A,The Bailie,2,14,4.5,Anonymous
_IPUEiZFc8vzsXp-BSlpIA,Café Renroc,2,13,4,Breakfast & Brunch
_KhWxgstswdzKPfghqjoKw,Pizza Express,2,15,4,Italian
_KTtGB2edcjK9JEm5pBMEg,Snax,1,3,3.5,Fast Food
_-lfVoZxIc-ZJPeEwr1YqQ,Teuchters Landing,2,46,4.5,Anonymous
_r5wdqj0GYI_IttoPpCDbw,Bites,0,6,4.5,Coffee & Tea
_tBkysAUsKNoki7Gmvi1ug,The Huxley,2,37,4,Anonymous
_uh8g9rh4MtVEOnCEbqwnA,Bentoya,2,25,4,Sushi Bars
_YwaJy2wtry7kds0VwvJ4Q,Franco's Chip Shop,1,16,4,Fast Food
_zBGLuqsrqpTGtO9M1Ql9Q,No1 Grange Road,3,6,3,Anonymous
0_CG2HJGjGAgyxVKlBgLGg,Fresh Cut,0,7,3.5,Anonymous
03_t9LNPKZs4d-hkmqzLTQ,The Mash Tun,2,11,4,Anonymous
0-9h0LgHXgV-jz5EXWmnmA,Rocket Café,1,23,4,Coffee & Tea
0aJVALy940i-NMWDZsIPRg,Bisque Bar and Brasserie,3,9,3.5,Anonymous
-0bl9EllYlei__4dl1W00Q,Wee Bite,1,6,3.5,Breakfast & Brunch
0gf-Yj5sEUy9fLCPOh63ng,Pret A Manger,1,8,4.5,Coffee & Tea
0Jm4RIxcfipZkl8KeZQVrw,St Andrews Restaurant,1,7,3.5,Italian
0TgiBiSmp6cHVGqDuIkANA,Cafe Cassis,2,6,4,Cafes
0YVzWax3LlWYECacU-wUqQ,Shapla Takeaway,2,12,4.5,Indian
107RvbkBZUVULsHq_0d3mw,The Original Mosque Kitchen,1,41,4,Anonymous
141RZw5r7oHtcGa-A-R_cw,Rigatoni's,2,4,5,Italian
16yAOGqd3cF0srbeRfkaow,Philpotts,3,11,2.5,Coffee & Tea
19gGxL5cofD_CsA_3vOPKg,Krispy Kreme,2,21,3.5,Coffee & Tea
1aFu-WWB_5slFJrT7enPJQ,Voujon,2,14,4,Indian
1dsO4GdGe7OKrXmd9nfneg,Bodrum Express,2,4,4,Fast Food
1GuNIGzqvuLF6fAebFPw1Q,No 12 Picardy Place,3,10,4.5,Anonymous
1GYzYjw-eLqppSL1ni82sA,Elfalafel,1,7,4,Middle Eastern
1h__4qbRjvyVvVwCgbKroA,The Magnum Restaurant and Bar,2,12,4.5,British
1hIxn8IpLTjXX8ogsO67bA,Hakataya,2,11,3.5,Sushi Bars
1Jmf09hDwaXoE06YK3P9GA,Red Fort,2,35,4,Fast Food
1jTLAXGm25CAmBNZc4baJg,Newhaven Quay Brewers Fayre,2,11,3.5,Anonymous
1OuEfF4qB_sBv3RfabrvrA,Meze Meze,0,5,4,Anonymous
1RxsOdiWyIkA8B2_K3Df6w,Lagermans Takeaway Sandwich Bar,2,3,5,Anonymous
1S0vJfhkdxiPxzxC9iE9kg,Mc Kirdy's Steakhouse,3,5,3.5,British
1TnTa9GtHKcUc48TdEQHKw,Bodrum Express,0,3,5,Fast Food
1Up3ZUh37Z8OIan0xQFxLQ,Millers Sandwich Bar,1,9,4.5,Coffee & Tea
1yNJy2fxEF__dKFEYgTcFg,Crumbs Cafe,0,4,4.5,Cafes
2_zxQRUOfXmDQDFQrEoBGw,Giovanni's Fish Bar,1,6,4,Anonymous
2aBTRy6MxW-TvIDphn-AEQ,Hermitage Bar,2,8,4,Anonymous
2dUrYkzgoIuFC8hu1DTknw,Kebab Mahal,1,58,4,Indian
2EKfKOBIuLiCjnXv3fltrQ,Olly Bongo's,1,24,4,Coffee & Tea
2FeI5q8Sm1Hk9jF4XGJbgw,Hong Fu Noodle,2,7,3,Chinese
2ftNAAakpz-8nYLkUnx6xQ,Deli Fresco,1,11,4.5,Coffee & Tea
2iVnO23-gLBM_PTBCLynAw,Dersim Kebab House,2,7,4,Anonymous
2jxWAJrqC0kfuhp3PXRFUw,The Spice Pavilion,2,17,4.5,Indian
2LYLnSVja3u921WP_2Jo6w,Indian Cavalry Club,2,15,3,Indian
2N_CsFJdBNqSQY5uSsHbvA,Steak,3,24,3.5,Steakhouses
2rSvtVINABQgJIegCt2V9Q,Under the Stairs,2,67,4,Anonymous
2SNjQ8JLEOFFdsj4cykX7g,Thai Basil,2,12,3,Thai
2sQnp6jfOVrhn6CxraltZg,Salt 'n' Pepper,0,6,4.5,Anonymous
2valrZLZWYz62Vd2vgLF_w,Lancers Brasserie,3,17,4,Fast Food
2X_IKaaeVgm1v9SBNeQxkQ,Urban Angel,2,76,4,Coffee & Tea
2yjduT-Bt3-Kn9G75RWu8w,L'escargot Bleu,2,18,4.5,French
3bdePZRBF5zv1LMjmqp7Cg,Café Saint Honoré,4,27,4.5,French
3HPAoKDhWwgb3NXm4H7NFg,Tonic,2,24,4,Anonymous
3-hYANZRTcZsfMLT8X1YwQ,Pizza Paradise,1,23,4,Fast Food
3iEYvXVjz35-B8kZ5NF0ZQ,Maki & Ramen,2,24,4.5,Japanese
3ikkGPdcZMkiboPmIc1Evg,La Barantine Victoria,1,25,5,Breakfast & Brunch
3KQvBPTm4hGNqFMKwZygXg,Global,1,11,4,Coffee & Tea
3pa2GMSECbVpKm3qUMIe1w,La Locanda,2,6,5,French
3rFTT43tQg992no381rVvQ,Pret A Manger,3,18,4,Coffee & Tea
3UYAEVkrmaSV7D7rny1rzg,Sonar Gao,2,3,5,Fast Food
3WNy4woyh9Ih2wr9UcCo0w,Peter's Yard,2,78,4,Coffee & Tea
3WvnsAqaUV3Jte-_QQFcpg,El Quijote,2,19,4.5,Anonymous
3X5XdSXWUmotmNocS5qV5A,Pep & Fodder,1,16,4,Cafes
3XN1taTQqQKC8nl3DgMM1A,Gusto,2,48,4,Italian
436HzbOivpoGJ3RlXA783Q,Chi Wai Chinese Restaurant,0,3,4.5,Chinese
43fGLtHqvdtxy6S_gT-Lmw,Newhaven Express Chinese,2,4,4,Chinese
44HpnhfDtSL5kRNaypBZqQ,The Milkman,1,9,4,Coffee & Tea
4dIzmqGAhFIcuHfI8CySig,The Witchery By The Castle,3,148,3.5,British
4E9PSb3q40oyjXfujUKqXQ,Nonna's Kitchen,2,6,4.5,Italian
4iaAezy5-l6CpxZa51mLtA,La Dolce Vita,1,3,3.5,Italian
4ISrDLsDCi-AHOBylcgbAQ,Tempting Tattie,1,14,4,Coffee & Tea
4jvFXuAI5qyVX9NqwzstOg,Riverlife,2,9,3.5,French
4KN-PSLwo_oLw2WZlumwHw,10-to-10 In Delhi,1,50,4.5,Coffee & Tea
4kyggAmvnuCV68CmjYm5aw,Marks & Spencer Simply Food,2,14,4,Anonymous
4ljVhTNTfZap5ZerVwUjUQ,Yum Yum,1,7,3.5,Fast Food
4qcd2_d3h2eJmvUwUbmOFg,Yocoko Noodle Bar,1,37,3,Japanese
4tHDW0O8ZunvT8SVmI69bQ,Giuliano's,2,11,4,Italian
4U0lz6WgowkETK3YaIT8sg,Hanam's,2,46,4,Middle Eastern
-4wMopMwxh1p0N7pFFn3Tw,Spoilt for Choice,1,3,4.5,Anonymous
51HrsPJiguk_zflY5n1W5g,Scooby's Take Away Food Shops,0,5,4,Coffee & Tea
55J_rNyR7HW8aDs0zJDiTg,Kyloe Restaurant & Grill,3,38,4,Steakhouses
56_uqCzMcaBu1WxgoS8Xuw,Pataka Restaurant,2,12,4.5,Indian
59n9g2JDT7z4uGkbWyG-OQ,Sitara Spice,0,3,4.5,Indian
5dO1hAptK5fOkQFo374mKA,Xiang Bala Hot Pot,2,11,3,Chinese
5ItCz2CsxGRmh7rjxAhvyw,Globetrotter Fish & Chips,1,10,3,Anonymous
5JmhoKhGFb0w4_Pp9lIJew,Storytelling Café,0,4,4,Cafes
5oBjSVmqMbvawqMUVzt5zQ,The Orchard,2,18,4,British
5pA0bK3x-8TWzWzbZRUJew,Il'Castello Restaurant,2,8,3,Italian
5pB-HQT-LvEdE2Pa5oyxdw,Relish,1,9,4.5,Coffee & Tea
5qY6LqQFupz2Dm8LB4xkJw,Pho Vietnam House,2,46,4.5,Vietnamese
5SGCEovPpcEZgU-sr7Tqog,Veritas,2,5,4.5,Middle Eastern
5TTr08j2W2Fv8jkOCvUm8w,Nawroz,2,8,4.5,Middle Eastern
5umhAoolDqO-M3w-VvSQZg,Peach Garden Chinese Restaurant,2,4,3.5,Chinese
5wVfDg9rAu9pgv5w0QLVqw,Passage to India,0,7,3.5,Indian
5xNcbsy1S_AtB-FLQTkWfA,Hung Fung,2,5,3.5,Fast Food
66_04nEOBGN6FSpiNt5aSA,Hemma,2,49,4,British
66lcsXVFNVp1tPMHheSepg,Eat,1,15,4,Anonymous
67KjBC7FW7KoLj_O4Dg6sg,Pizza Mafia,0,3,2.5,Pizza
67RicD8bcklxdnXk-zRAkw,Royal Dynasty,0,3,2.5,Fast Food
68Ih9ZPaANmAeVdXvHav1Q,Chicken Cottage,0,5,2.5,Fast Food
6cIZhJJy2LgLID1u-sxvmw,Khushi's,2,28,3.5,Indian
6hIBbmGVbjYii3TrohNyMQ,Secret Arcade,2,23,4.5,British
6mgbxYVBCFB7cWx-cy5yLw,Victor & Carina Contini The Scottish Cafe and Restaurant,2,21,4,Breakfast & Brunch
6MujEd4R1taYm__hZ2gLZA,Montpeliers,2,52,3.5,Anonymous
6omMF5aEC33HgvAAZ5cGbg,Pig In A Poke,1,6,4,Fast Food
6RsqA11RGj_tyUvMoDdnCA,KFC,1,11,3.5,Fast Food
6RVoRilHow-zehz_qVZQCA,Frankenstein & Bier Keller,2,86,3,Anonymous
6thw6oE4W40yo4nFD9tQ7g,The New Bell,3,7,4.5,Seafood
6UHWPb1ee_J8eL1UtV-aEQ,Tupiniquim,1,20,4.5,Anonymous
6VbM5hHuI0g8oKRSnJOqpw,Thai Orchid,2,47,4,Thai
6VIOw-CtnSQmDjWTwij4-A,Candy Bar,2,23,3.5,Anonymous
6WC2MEdR1SQeESCDyVh2UA,Pomegranate Restaurant,2,23,4,Middle Eastern
6wdnVxUD8VTtwhe2sjcZ8w,Circus,1,22,3.5,Breakfast & Brunch
6Z-gTRMXUVHDK7KHbT-qnQ,Chinese Manor House,3,8,4,Chinese
6zRmrhf8lTFBiTBD5BWyyA,Marchmont Takeaway,1,6,3,Fast Food
72aMHZszkTpCV_c5VwPiZA,Toby Carvery,2,10,3,British
72XWQHDdhbliqkNPa4d1hQ,The Rabbie Burns,3,20,3,British
73YvRCWay6GHGQ7oxMxFQQ,First Coast,2,25,4,British
764VAPPKPA2hJtLzE9UXiQ,La Lanterna Ristorante,2,12,4,Italian
77091of0hG4JaDZL1FYnYw,The Zulu Lounge,0,9,4.5,Coffee & Tea
7AdnaGsWjWhg2c-U0GsG-Q,Royal Overseas League,0,3,3.5,Coffee & Tea
7AH9-OG_1kWppKioHZqZJA,Pizza Express,2,22,3.5,Italian
7ELa0-tY-4ZS33p3BlS3Zg,Rainbow Arch Restaurant,0,5,3.5,Chinese
7Flu2oNlKVP0-pH8Zu9qhw,McDonald's,1,8,2.5,Burgers
7GFa4xiQ7PNxYrIU4Iq_RQ,Summerhall Kitchen,1,7,2.5,Fast Food
7hygeQ-R2TcYfkDBYss-_g,Castle Terrace,4,25,4.5,British
7jqK8QfIj5PN2HFKgDKBfw,Made In France,1,7,4.5,Anonymous
7K_peqRGxpvvP47wK8Tllg,Made In Italy,1,31,3.5,Coffee & Tea
7MR_z-tvbr9Cu81J66OJPw,Bell's Diner,2,26,4,Steakhouses
7N-J7b-mntXGVEXsb49Gpg,Cappadocia,1,12,3.5,Fast Food
7p1zxDhQx-ls2PzwUR8tEw,Caffe Nero,1,5,4,Coffee & Tea
7Tn0rERJ-tW7h7TyarrHHw,Picnic Basket,1,13,4.5,Coffee & Tea
7uFEC7QWRDlELzk0q4ke4A,Hanks Sandwich Bar,2,4,5,Anonymous
7wIoWhoRSXMXJNRfRl7N9Q,No 1 Sushi Bar,2,25,3.5,Sushi Bars
7yAmxml_awXKadGjYW8SnQ,Earthy Food Market,2,32,4,Anonymous
8_N-ADFdS-aYLO_fdNaCpw,Bonsai Bar Bistro,2,50,3.5,Sushi Bars
87dkHRsFwRO2enM72xNZfA,Noodle'N'Ice,2,7,3,Thai
89BxH2axQHOpEu2koa0EUA,The Bon Vivant,2,52,4,Anonymous
89m_LwGShCbCMBK8ztN7oA,Blueberry Hill Coffee Shop,1,4,4.5,Coffee & Tea
8A-rkp1PuTefSSS8PmuE1A,Chesser Fish & Chips,3,5,2.5,Anonymous
8BDWB7Dz9Dwws1AI6xy4Cg,Himalaya Shop,1,20,4.5,Cafes
8C-nkcmC9WZWVYDQKmJHmg,Burger,2,15,3,Burgers
8dffA5BvuWXc2kydEImL-g,Topkapi,2,11,4,Fast Food
8Fsd4yro0ymNLkkX0QyUOw,Bagel Factory,1,18,3.5,Coffee & Tea
8jkfKZJDONEieRXgvEcfag,Kama Sutra,2,14,4,Indian
8JNqUTrXATJyNet8kL85Qg,Ryrie's Bar,1,10,3.5,British
8nGYkYkNEdrvt4RFtBhvuw,The Atelier Restaurant,2,16,4,British
8nMjnNkEc5tSwaEXNdanYA,Wings Edinburgh,1,87,4,Chicken Wings
8nRVcrTjHHxxO7T6mvCiGA,Tani Modi,1,8,4.5,Cafes
-8OSbdGPXUDkg8NI6N0lZA,Hadrians Brasserie,3,4,4,Anonymous
8Q-k2SYQysny836_vpMiKw,Illegal Jack's,1,10,4,American (New)
8RXIwWR34JunHKd00UU4wA,Southern Cross Cafe,2,43,4,Coffee & Tea
8t4Dba95OeFtT0DIqWKPXg,Spicy Bite,0,4,3.5,Fast Food
8UgadStqK8dTj6wRLg3CsA,Asti,2,11,4.5,Italian
8uK7RBxZxSseAxanb-BhUA,Papavero,2,5,4.5,Italian
8WQHe2ioX8RfA4UG-7U20A,Chiquito,2,25,3,Mexican
90I-o3i_sulkzOkFXwUKQA,Pizza Express,2,7,3,Italian
94Ip7RLPpCZ7_RxDhoU8dA,Sambuca Restaurant,2,11,4,Italian
96AdrvWLrIEKFp2txuf6jw,The Sandwich Shop,1,3,4.5,Coffee & Tea
9BP4jY0Wy8aUGV12QMRdtg,The Gold Sea,2,6,4,Anonymous
9HKkqqfMk5XYdFzqCqLJ9g,OX184,2,22,3,Barbeque
9HsEDXNOilWkPZcVr-ks8w,Esha's,0,3,2.5,Chicken Wings
9JHFLbYBadR-eFY2SomGgg,The Safari Lounge,2,21,4.5,Hot Dogs
9lF6-JrS2PvTkw9KVxn3Yg,La Tasca,3,14,3.5,Italian
9syifaJhqBK_R1KfeGHvYw,108 Chinese Take Away,0,3,5,Fast Food
9XwQbxUBLzTEzb0sbEqHwQ,The Tower Restaurant,4,45,3.5,British
A_7Rdl3r9gE3JwfZKUCBWg,Delicious Italian,1,15,4.5,Pizza
a1DUyywLu4EoGRHPihdZoA,Anima,2,15,4,Pizza
A2tXgZtJjjjFqE6zVT_8WQ,Cafe Nemrut,0,3,3.5,Anonymous
a6wDXO1P50aeOKd__VDqEg,Patisserie Florentin,2,16,4,Coffee & Tea
A9AhNu0mQLjr9CAlrn3gGg,Parliament House Hotel,0,6,4,Anonymous
AanCeXJhhoFeubbt2GVdYQ,The Gateway Restaurant,2,5,2.5,British
abxlR9wwMYIRgGOr7rPQ6Q,Cool Jade,2,10,4.5,Dim Sum
AcyOysFrtlgZsGf_VbHlag,The Ghurka,2,3,3.5,Anonymous
aDlKvP5CUEK6GgIA4iq9Hg,Forth Floor Restaurant,3,21,4,British
AeujRrEdt3CshHDMJ2PfrQ,La Favorita Morningside,2,11,4,Italian
aFVO6hoFlOCN8pKsmJbWjw,The Doric,2,44,4,Anonymous
ahBNTFw3Bco_WbvIOFNxpg,Bijou,2,11,4.5,French
AiHGIDDahvhe_X7hdJwK6A,Dominos pizza,0,4,4.5,Fast Food
aiV0E6GVKhqhnAwZEPBYqw,Le Di-Vin,2,10,4,French
aIzLOo6dk92DDts8YpyhZA,Fredericks Coffee House,1,28,3.5,Breakfast & Brunch
AJhUZyDSV903ybDTKUQaBQ,Mercat Bar,2,27,4.5,Anonymous
ajm1sqPC1a4zhewZaw8aDQ,The Place To Eat,2,4,3,Breakfast & Brunch
akaS7xoYKHKmwAD7xQ7owg,Bridge Inn Ratho,2,18,3.5,Anonymous
aKNy4pieaYnobWZDExPd9Q,McDonald's,1,9,3,Burgers
ALwnmdgXGXzB1Yo07J4Cgw,Namaste Kathmandu,2,26,4,Indian
amluA1icyExbdh9UQtvZrA,Fishers,2,29,4.5,Seafood
AMpaittHZbExJD3yIF6B_g,Curry House,2,7,5,Fast Food
ANjP5d0cFHgxSDE8P81YOQ,The Roamin' Nose,2,17,4,Coffee & Tea
ApUjxhOGW6J0Ka1p02X2KA,Robertsons 37 Bar,1,3,3.5,Anonymous
AqYrDAMzoRER7Mj8bJqAXQ,Zenobia,2,9,3,Middle Eastern
ASFRtzeC7E-tPGebfvZE2A,Pavilion Cafe,1,10,4,Coffee & Tea
ASxAEO6r1GnvCMuKvDLXPg,Wee Buddha,2,6,4.5,Asian Fusion
aSyKLZQmswlAdJbb8tASeA,La Piazza,2,25,4,Italian
ATBm4rf72PMyjp6vuq58lg,Piatto Verde,2,9,4.5,Italian
attIWW_riwwKP1CRWgdCbg,Phuket Pavillion,2,49,4.5,Thai
aW5iXzvvnsQ9YOPJPUof3w,Café Domenico,2,20,4.5,Italian
AZJGud8N--ScMMCcasROcQ,Gurkha Cafe & Restaurant,2,51,4.5,Indian
b_YLXCHmz45Kv1Fk8q3ADQ,The Stockbridge Tap,2,15,3.5,British
B16MXjNVt1gqBy-trsId0w,Nanyang Malaysian Restaurant,3,14,3,Asian Fusion
b6BvPbLZNFifY1qlEhPCAw,The Lioness of Leith,2,26,3.5,British
B814vBx8gPrx3qN41MV_uw,Rice King,1,5,4,Fast Food
b88myMjjsHTzWzI70B2gTA,Bonsai,2,23,3.5,Sushi Bars
b8JgIFxDXgzKAkgx8WcGig,V Deep,2,9,2.5,Indian
BAEannNt6G5K6eE2uKNOGw,Café Tartine,2,8,4,Cafes
BDDILH4fW5F-r0plzXKcHQ,Field Grill House,0,3,4.5,Breakfast & Brunch
bDVNj8USiho2WhQO-bpttw,Ruchi Tandoori Takeaway,0,4,5,Indian
BetVUOH6DIYRlmqCbVu5iQ,Metro Bar & Brasserie,3,3,3,Anonymous
bGpd9R-EbNgtOsjGbhx-ig,Fishers In The City,3,49,4,Seafood
bhbhK7N8fyhtwNswl_bS0w,Butternut Squash,0,3,4,Cafes
BHD98HCo9kf4hkSXpIiarQ,John McIntyre Centre Canteen,0,3,2.5,Anonymous
BHgb7ItDTCZgjjXiIaTi3Q,Sygn Bar,2,41,3.5,British
BkO-H4_A8NhXz912nI148Q,Lian Pu,2,9,3.5,Chinese
bKTIACzNC2Mx7uQXFC9y_Q,Cafe Artista,2,22,3,Seafood
BMJUNKKN1jhyfBYg8uHZ6Q,Rancho,2,3,4,Steakhouses
BMUEZEL9FoW0diGJf70MTw,The Voodoo Rooms,2,62,4,Anonymous
BoaNFfrGo4UVPmYKeXPP1Q,Cafe Claymore,2,3,3.5,Cafes
BPmeW2bZBY4aQbu_E4Co8w,Indaba Restaurant,2,28,4,Anonymous
bqPXsuVziCGKUPUHUkGyYQ,L'Alba D'Oro,2,24,4.5,Fast Food
BSk-BrZGvtRGxy1aFzSMCA,Omar Khayyam,2,17,4.5,Indian
Bx3HdnM8X2Zzw9RBHITj2A,Café Marlayne,2,40,4,Coffee & Tea
bYVw4AB5Y7plyqxAJgSi5w,The City Cafe,2,63,3.5,American (New)
byyudwJFYCcxK-s2Q7vgYA,China Red,2,3,4,Anonymous
BZk5ij706Xgx8Yr_3EwEcQ,La Favorita,2,107,4.5,Pizza
bZXapW46Ee8Ui6U0YJuAjQ,Bar Italia,2,17,4.5,Italian
C0fGT8K2woAeodsJgia0hg,Loch Fyne,3,27,3.5,Seafood
C3ITrzv55LyMvwkm2Z9-5g,Earthy Canonmills,2,30,3.5,Cafes
C4BZwdjRi_Awa0_kt9oWHg,Merdos Takeaway,1,4,3,Fast Food
C4TRU_cvv4FASvh6tCMY2w,Bombay Spice,2,6,3.5,Indian
c77AiMB4skcouPE0IzFsGw,The Filling Place,0,3,4,Fast Food
cB5AKPoXcZWCaO9NX9jpvw,Salvatore's,1,9,3,Anonymous
cBrNrAgiSfpgnxU2vDRZpA,Le Marche Francais,2,14,4,French
CBSWRSMKqT-OXzAqnz77xw,City Restaurant,1,50,4,Fast Food
cCXs7tsGzs0zy_DsnrC43Q,Zest,2,15,4,Indian
CDV83N76Fj7CqLKSN8DGQw,Project Coffee,1,37,3.5,Coffee & Tea
cgjJT1XEeOOIPUbtkCmcGA,The Fountain,2,35,3.5,British
ChAnInWugcf3dYrItl3EuQ,Queen Anne Cafe,0,3,3,Coffee & Tea
CHd2U8sTV4el2bQlRst_fA,Martone,2,23,3.5,Italian
CI7v3zgHIau9KFthWOS-IA,The King's Wark,2,55,4,Breakfast & Brunch
cIqO_kKJUABxTtwqWjTmzg,Thai Lemongrass,2,24,3.5,Thai
CjXMqzgucLNyPF49NopgUA,Brass Monkey,1,93,4,Anonymous
clTYOri-NQOZOe403i1DQw,Let Me Eat,1,10,4.5,Cafes
CndeHUk7gfnFq2UWq0dbIA,Jam House,2,16,3.5,British
CnrUpUpal4UT0iFlFzVH6Q,Haq's,1,5,4,Fast Food
cnW9sfsOJYRa-aKkWzX-hA,Butterflies Cafe,2,3,4.5,British
coeVqKuVIwwPlR0tTIl_Vg,Howies,2,19,4,British
cPNU25b39eLLlJqaUr_0EQ,Chinatown,2,7,4,Chinese
CsyODVepq3jkB-9JKpoTfw,Press Coffee,1,16,4,Coffee & Tea
CuaZCAmWy1h7DuYfEG3lpQ,Olive Tree,2,10,3.5,Mediterranean
CvWIo2kSYcHXUQmVDb8q7A,Tikka Mahal,1,11,4.5,Indian
cW5rkOyQYKV9WNwd-yG93A,National Portrait Gallery Cafe,0,6,4,Cafes
cx2RZZpDML6-Q6vQ0EumWQ,Burgers and Beers Grillhouse,2,21,3,Burgers
D2o7d1lDPaz66_CqCkAZfw,The Auld Hoose,1,35,4,British
d6JW1GWWoQLluVGciWBliw,Five Guys,2,14,3.5,Burgers
D6QjpWAN6muF6AxD5sKCxQ,Mother India's Cafe,2,70,4.5,Indian
d7ChdJOIon7ABnXXfSwprg,Magic Kitchen,2,3,3.5,Fast Food
D9AE4WKccIb_acUbAEKBDg,Grand Cru,2,19,3,Anonymous
dafjd6glKjjjUdZ-mphFrQ,Iris,3,15,4,Anonymous
dDxJxRiPj-kom2wZ2AwMLA,Miros Cantina Mexicana,2,37,4,Mexican
dGMoe8W5ceZGkqPakfzJaA,Chinese Good Food Take-Away,0,4,2,Chinese
diopec3o5EgN8IRgu0b43Q,Casa Angelina,2,18,4.5,Cafes
DJmSUgLOYdCxbbw8FeA66w,Gathering Bistro & Bar,2,5,1.5,Anonymous
d-K2njXXxgA0JJx8SmPt2Q,Wongs,0,4,4,Thai
DK7NmLXyJfLi0Avhah0nRA,Passorn,2,16,4,Thai
DlJNv1o8ih35JUS18pd9tw,Frankie & Benny's UK,2,3,3.5,American (Traditional)
dMfNQ8ZmkhBDFC2pl-DLvw,Guru Balti Restaurant,2,15,4.5,Indian
dMlEYCET6FfV56ZIuytmiw,Pizza Hut,2,9,2.5,Fast Food
dNtAne0swKXEjXn9D8icfQ,The Apiary,2,21,4.5,British
DNvflRJEG22HTCDyWgQU0Q,Pizza Hut,2,8,3.5,Pizza
dnW_G3RvkYh-gSV0JEydsA,Javit's,3,10,4,Fast Food
dpJSk5K3gTo42bemPbb6VQ,Up The Junction,1,3,4.5,Coffee & Tea
DPrZJeLvFHECDFonEb3x1A,Baguette Express Scotland,2,8,4,Fast Food
dQ11ZA2RFgEgG8_hFb-wCg,Nando's,2,12,3.5,Fast Food
dr26mA5oXzOg5zFICA76KA,Dough,0,6,4.5,Italian
drA-GxSBKzPMx4VjfAMd1w,Credo,2,3,4,Anonymous
DtbHHFk6sBFIX6b_VM6OcQ,Yo! Sushi,2,20,3,Sushi Bars
dTpyszCle1E7vBVOBmEcYQ,The Pentland Fry,2,6,3,Anonymous
DVAGv46voHWWU4ZsyFUPVw,Bread Street Brasserie,3,3,3.5,British
dVJIdkxeJyggSrfgIL4fPg,Maison Bleue,3,38,4,French
dwA1xZctBTqYzcvTUwc6Zw,Doctors,1,37,3,Anonymous
dXPmE2ncXbQTPBVNRODuNw,Biblos,2,45,3,Anonymous
DyEYiC7VAntyjZ6d89JGZg,Silver Bowl,2,10,3.5,Chinese
DYm0Z-n67LYqzBgkA7ZQlw,Red Squirrel,2,55,4,Anonymous
e07oS_e_9d1zLleFzUNHAg,David Bann,2,103,4,Vegetarian
e0JASDXp7rFHQKWwKf4IWA,Richmond CAFE,1,4,5,Cafes
E3OTTnQNtQKs-_Z_fsY-2g,The Piemaker,1,82,4.5,Coffee & Tea
e6jRIO6dwoVWptN3kT-S8A,Hellers Kitchen,2,26,4,American (Traditional)
e9zlvyz1yyOsq2HUl9jtGA,Union of Genius,1,27,4.5,Coffee & Tea
ea1oDRrNCpEFGeAPmwgbiw,Toby Carvery,2,20,3.5,British
EcCzmA_FJDGRgRfhjCOMBQ,The Beehive Inn,2,50,3.5,British
eCuoZK0tK5MxYNpATdRajg,Yo! Sushi - Harvey Nichols Edinburgh,2,34,3.5,Sushi Bars
egaieBcnSZLYGl1N-_CtvQ,Mark Greenaway,3,43,4.5,British
eh480J34aBFwikOvwlZaNQ,Loon Wah,2,9,4.5,Fast Food
eixmo00M4t9DcbrOXoLWNw,Soderberg,2,5,4.5,Pizza
eKp012jNe4LL6q7YRfAXWQ,Grange Takeaway,1,5,3.5,Coffee & Tea
Eng_aff0ZBcIxE4-z2cdcw,Cafe Kleofas,2,9,4.5,Cafes
EOchIu8KPD1SO39mT8-JlQ,Delhi Diner,0,3,4,Indian
EOGjCFh8_6rJY2h92LR2rg,Treacle,2,67,4,Anonymous
eoQ0iRrZa4VHCBLTBZUsgA,Maxies Cafe,0,3,5,Cafes
EP1B17h53eczD75uQvKpMg,La Sal,2,6,3.5,Anonymous
eQNn1dJiXxldNLGRivzcBw,Tony's Fish Bar,1,3,3.5,Fast Food
eQp6Ls4QpnUrpyRZH5Vy1A,Morningside Spice,1,12,4,Indian
eQTnrAIbitS6VAPUaaXdFg,Club Sandwich,0,3,4.5,Fast Food
etAKBzH7AcX4w1WYPFEXeQ,Caffe Piccolo,0,6,3,Cafes
eU-10rPEhyJ00un0_fd1fQ,Kismot,2,39,4.5,Indian
euQY_AGz4_AYM8HapezQ6w,La Bruschetta,3,4,4.5,Italian
evfsg7FxL9eAC9KoeXTtNA,Akva Bar,2,17,4,Cafes
Eyks6H-tMwXyLH95cmrwkA,The Edinburgh Larder,1,144,4.5,Coffee & Tea
eYrvWgacUxQ40qgqtvK8KQ,Mr Rapid Rolls,2,6,3,Coffee & Tea
F_ASRRQjDpNx6bX4WqvpDA,Waiting Room,2,12,3.5,Anonymous
f_ClO-HzRBOEaArFnHEWIQ,Southpour,2,5,3.5,British
F0PGngsZYdGmHBXzDG56jw,The Riccarton Inn,2,4,4,Anonymous
f5qS9i2GayB_379LTNNErg,Caffe Nero,1,4,4,Cafes
F8_GSCICeg5Vee4wZ15TEg,Sandwich Express,1,6,4,Coffee & Tea
F8I4nmpQzbNPE9cG7-kfjQ,Stac Polly,3,7,4,Anonymous
f9vH4Xm_Kco27qT13HkZ3g,Victor & Carina Contini Ristorante,2,61,4,Breakfast & Brunch
fbIbhvvLSHpTqjdSFSGrlA,The Priory,2,8,3.5,British
fCtJLhCiCNx6r_Ly9t6dCg,Cross & Corner,2,11,3.5,British
fCVQF1OvNribxKzMzsjujQ,Ada,2,5,4,Mediterranean
fDd98vE-JC-TiU_AScoeBQ,SugarDaddy's Bakery,0,4,3.5,Anonymous
fDfNhIcSvz8AOCyxxcdF_w,Ravenous,1,4,4.5,Cafes
fdK61p5slxipkWMF7FLifw,George Street Bar and Grill,3,5,3,British
f-dZ6l5_vGh3br960J64zA,The Filling Station,2,19,3,Burgers
Fe5a8ACd85KVTy5q6l47PA,Himalaya Tandoori Restaurant,2,9,4,Indian
fe617jP0wtZcY27_46l-MQ,Chop House,2,10,4.5,Breakfast & Brunch
Fe909fdc0sP8X19FPMJliw,Beirut,2,12,3.5,Middle Eastern
fEs46MBAHTkcjZ5UErJikA,La Petite Mort,2,4,5,British
FfpqjCdslxLQqeLoT4ws9w,Burger King,1,7,3.5,Fast Food
fim25PCT0vPQJ5CV2Z4uLQ,Shanaz,2,5,4.5,Indian
FJEmhHscOm_oA1RjkfWfCg,Ally's Cafe,0,3,2.5,Fast Food
fKhEMVq2xmsyIGMF-i9i4w,Wildmanwood Pizza,1,3,3.5,Pizza
FLsvIusNl3NZ6gxuXaajSA,KFC,4,4,3.5,Fast Food
fLxMEtOihwvVmhmQrvT7BA,Kim's Mini Meals,2,37,4.5,Korean
fM0yF7zFuDJ2SEAX74CLLw,Cafe 1505,2,5,3.5,Cafes
Fm1Db2rmirrHXoHJgfErXQ,The Rosehip,2,27,3.5,British
FnLsgWLdBQ6zhv621OGFiA,Crepe Array,1,3,4,French
FnQvNphp6uy5qBE7lD8f0g,The Codfather,0,4,3,Anonymous
foh1piBA9WMJCwhYy_Eb5A,Bella Vista,2,6,4,Italian
Fp6SpM7K1uAKUg4_NMZk7g,Pizza Hut UK,0,3,2.5,Italian
FPfmUDyZASGKs60-dxn1TQ,Kampong Ah Lee,2,27,4,Chinese
FT-BS8oW7NAwzGLbpk4ocQ,Ciao Roma,2,22,3.5,Italian
FTLOCnLMl1Jeo8uIICLf3g,New Lee On,2,6,3.5,Chinese
fuR3Gr6nWY2VRsb36220sA,Knight's Kitchen,0,5,4.5,Anonymous
FuxTgSAYe3PB-Gkl22nuVA,Shangri La,0,3,4,Chinese
fWEqiLMhZngOIaCfED-M4A,The Advocate,1,24,3.5,Anonymous
FWi8xLHS62E-pwE6G0qi2g,Field,3,38,4.5,Anonymous
FZnhYyA9tCJnfqfbWYKGQQ,Goya 23,2,3,5,Anonymous
fZvwGkzzxNqJQI-_BCFHWw,Rivage,2,8,4,Indian
g054F0-_WB-J3aufvR9XBA,Ghillie Dhu,2,58,3.5,British
g9ZnEwEhg8uA2OUGFwtxNQ,Starbucks,1,14,3,Coffee & Tea
GB4bknX4_QxUk1E7CYKS2Q,Pizza Paradise,1,18,1.5,Italian
gB8rIfYW8Cu30ENjUfRxBw,Rudi's Sandwich Shop,0,3,4.5,Anonymous
gBJkm5lDB1sjSibaYo0gPA,Marmaris Kebab House,1,18,3.5,Fast Food
gCHHZCnX2x1tmitjwlj6uA,Ola Kala,1,4,4,Greek
gdMNL71BBExuxjXVPrOePA,Lazeez Tandoori,2,7,4,Fast Food
GInXHJNhNeH0k39p7l6nYA,Café Truva,2,5,3.5,Anonymous
GLgleNkVoCOnFppxVvdzUQ,Wolf + Water,2,8,3.5,Burgers
GMDzyLLklgr59gB_4SVLow,Pret A Manger,1,6,3.5,Coffee & Tea
GNdHiQecnQjzVXIbHqncZA,Pizza Factory,1,4,4,Fast Food
gOGshF3w0eParpAPLTyDBA,Rick's,3,31,4,Anonymous
gokMmYskc5g_CHYn1wYTgQ,barnacles & bones,1,8,4.5,Breakfast & Brunch
GOMSoylFnGmvlMMqKkxjmw,La P'Tite Folie,2,3,3.5,French
gPOBhJ_Brqt-OOdYhoXhlw,Los Argentinos,2,25,4,Steakhouses
gttVz7wDqCJljRTRdFDm2g,Good 2 Go,1,4,4.5,Anonymous
gtvekVSN4BAEY-EoAoon5w,Henri of Edinburgh,2,11,4,Coffee & Tea
GuZ1oamF-d5f8UqMXVfvug,Pizza Express,4,7,3,Italian
H_qYAy_B8OlrCDMklf0M5A,Mermaid Fish Bar,2,4,3.5,Anonymous
H2dh7hty8SLRJRUCD1ilRQ,Vittoria,2,92,4,Pizza
h5Sit1xoyAlbUGLZIMF2_w,Salt Cafe,2,17,4.5,Cafes
H5TA7Um9Zs_vIQxBF0pQjg,Wedgwood the Restaurant,3,31,4,Anonymous
h8_Y9pHE734FagJtRKTrKA,WHISKI Rooms,2,33,3.5,British
h8kf3PVrRk8PamXQwABqrw,The Deli,1,3,4.5,Anonymous
hasQSSQ7XKNsvPbQ7PGboQ,Bobby's Sandwich Bar,1,16,4.5,Coffee & Tea
hBAmMTfGxsYL0L6WYVh3Bg,Maxi's Cafe,2,23,3.5,Coffee & Tea
hEdi-rsBWyfbfLgb7RYDBA,The Holyrood 9A,2,115,4,Burgers
HeOhdA_EItjAi_YnvuCdRA,Kasbah Take Away,1,10,4,Fast Food
HEzQdM2-GpTPHsFUldwrmA,Garibaldi's,2,13,4,Mexican
HF8c5Gg-lBVyG4LG-T0tag,The Golden Bite Take Away,1,5,5,Anonymous
hIFwQ-8D83TtnLfK0eH5Qw,Howies,2,59,4,Anonymous
Hjajh4Xfz8hR9KlI3Dkahg,Bar Brig,0,4,3.5,Burgers
hjcM4W6vbEpiW3jdBmIE6Q,Rodi,2,15,4.5,Barbeque
hjOiVuECfvugj7AmVClQ_w,Breakfast  Brunch & Lunch,1,8,4,Breakfast & Brunch
hKal5yCdbQSayvE6g09Dkg,The Forest,1,12,3,Cafes
Hl3_nveesOGXC_djnfueMg,Hunter's Tryst,2,9,2.5,Anonymous
hlWsEHkZNIIzDbcPYo7yPw,Gourmet Burger Kitchen,2,44,3.5,Burgers
HMijMsCdGqFPGa8R3wdNhA,Subway,0,4,3.5,Fast Food
hOk-stzFtWodjjEwZ-MFiw,Hadrian's Brasserie,3,12,4,British
hOZiObWNHb_pd0-m8FZ74A,Noor Indian Takeaway,2,37,4.5,Indian
HpurSgjX4t8rrhFmaRfG8A,Greedy Guts Sandwich Bar,0,4,2.5,Coffee & Tea
HrE5xI3c0B1Sln98GLCkXA,Chez Jules,2,36,4,French
HrXaNbN9X_qgAUHWBlPJtA,The Caley Sample Room,2,17,4,British
HRzWNlAHYYjkcG5NkaBgXw,Bonoful Restaurant,0,3,4.5,Vegetarian
hsb44rBNzpNpntjGMQBU6w,Clamshell,1,25,3.5,Fast Food
Hsglj_PHwDIk9PCwzJsVng,Yo Sushi,1,9,3.5,Sushi Bars
HU2Gdkeday27xxh4c1NrUQ,Mr Nick's Greek Kitchen,2,9,4,Greek
huGygnl_6FDCvdregRBRqw,Edinburgh Food Studio,0,3,5,Anonymous
HUK5fDaXOPlxhFUdAbZ-Xw,Frizzante,2,11,4,Seafood
HVuATnPVpLjUUTjHuYkzTA,China Star,2,5,3,Chinese
h-wQGY-uOMgXe8efKQQboQ,Wildfire,2,40,4.5,Seafood
HzWw0ozt8Ns-SweQNcfCQA,Greggs,1,9,4,Fast Food
i2WcamA1LcttC8H57ASF_g,Jade Palace,2,8,2.5,Fast Food
I5_zftuvG90hxAC_pqIbfw,itchycoo,0,4,3.5,Anonymous
i9m-u0nDFLDuZR0pKQ6C6A,Zizzi,2,4,4,Italian
ibdemKGknmsi12HpGa5t7w,The Boathouse,3,6,4.5,Seafood
ibneNpIb0Sfma6BWe9b9xA,Pizza Hut UK,2,8,3.5,Fast Food
icQdkSy2Dkx4RfS1IVjIbA,Flip!,2,9,4,Anonymous
IFwOI7zFph0iwPl-pkyL_g,Lebowskis,2,50,3.5,Burgers
iGIBa1XWoTHD6KkvNCZrAQ,Byron Hamburgers,1,11,3.5,Burgers
igTW_7E-5WJViF72dEVf_w,Café Jacques,1,21,2.5,Coffee & Tea
IImme8H_HNUNNbPeTQwT_Q,La Garrigue,2,24,4,French
IKBh9sE4xEdMGcsAsxcTCw,Tapame Tapas Bar,2,5,4,Anonymous
IkMNmQK36geFrxYJ4HpehQ,Annabelle's Restaurant,2,5,4,Coffee & Tea
ILqGAABYPABjjM832eoCdw,Hotel Chocolat,0,4,4,Coffee & Tea
iNCm3BV0bTOfwdwNqrrqsw,Zizzi,3,10,3,Italian
iO7Gzv9ELqumvuFChf08uw,The Edinburgh Larder Bistro,2,19,3.5,British
Iq0AMqekTfmtBmVFSQDOcg,The Montgomery,0,3,3.5,Fast Food
IQgYEAssY8LN1OzDDVeD2Q,Lock 25,0,11,3.5,Anonymous
iQMIJhaLbcOgsf2Ukr_q9A,The Rendezvous,2,21,3.5,Cantonese
ISt8fQEm3Imeu7IIhB7s1Q,The Haven,1,13,4,Breakfast & Brunch
iU_UJZYFr1UjOecE57pgoQ,Biddy Mulligans,2,39,4,Anonymous
ivDYcIU0vSCf5u3509KydQ,Concord Fish Bar,2,6,3,Anonymous
ivKQXW61dlcgoOGzN63S7A,Indigo Yard,2,33,3,Anonymous
IWu9DMqNbRY2j7bwORyPIA,Vittoria Restaurant,2,35,4,Italian
IX6io15YU2n8aeU-K3WECA,Cinnamon,2,6,4,Fast Food
iXEBzVTv1XueUHx-QayXTQ,Krua Khun Mae,2,4,4.5,Thai
iXnB5jI6x3ChN6HCSJ5-Aw,Glass and Thompson,3,5,4,Coffee & Tea
J_eb0aNNC_WTaS9q5qE20w,Blonde Restaurants,2,28,4,British
J5_8pBPpWU6fLCI4ykfmkA,Hay Sushi,2,17,3.5,Asian Fusion
j5xVyBcPdzfV4-akxiG7Bw,Cha Cha Laca,3,9,2.5,Mexican
j68EhQdQZUg4GiS-3dIIBw,Monboddo,2,7,3,Mediterranean
j7KlffoZosU0zdjTolmC3Q,Traverse Bar Café,2,4,4,Burgers
j9Qadeu9z3bqJ2_UKtX2xw,Paradise Palms,2,20,4,Anonymous
jARmjhBKZWHyn8EC7H4saA,Palmyra,1,49,4,Fast Food
JCkd5GzHR1mGK65Ov1BNfg,Jasmine,0,8,3.5,Chinese
jCq0tv_OIWOMtVp2-nKXHw,Strada,2,12,3,Italian
jDa3gDPD0AGLrCrUQ2rsAg,Kanpai,2,65,4.5,Sushi Bars
JDaVLpgwJqE8Zro4ToFFwA,Checkpoint,1,11,3.5,Cafes
Jdcmb690Y9GlwR2ugSYpEQ,Caffe Nero,1,5,3,Coffee & Tea
J-EQS4IM5pETROThj4qbIg,Vincent Cafe,0,3,3.5,Cafes
jfY2Xg5y3sXkS4RZU05s5Q,Wagamama,2,5,4,Asian Fusion
jG5rs1PJgHo1ZluqrDS_LQ,Rumblin' Tum,0,5,3.5,Anonymous
jgUtE_lFxqhMcG4ubWCQLg,The Nile Valley Cafe,2,30,4.5,Coffee & Tea
JiK1wCmysWzYiMf6FpoHtw,Ichiban,0,3,3.5,Asian Fusion
jIOJ_07iD0KJj8SUyVZl1Q,The Sicilian Restaurant,2,3,3.5,Italian
jk162BUZBMdl5it6DRz2bw,La Campagnola,2,3,3.5,Anonymous
JKepLeibnHcwTE39hW_KGw,Orocco Pier,3,24,3.5,British
jKtlmVwJiILyVUIW87E1hw,Roseleaf,2,66,4,Anonymous
JNkJNp_B3He97H6v-VPbZQ,Cafe Salvo,0,5,3,Italian
JnmRYpMIo6dXQj_Q4MEG9A,Ndebele,0,3,3,Anonymous
JOVFI504b9UgKOYyFAn3Rw,Costa Coffee,1,8,4,Coffee & Tea
JpA3Rl0-h9digvhs52BDwA,Bar Napoli,2,30,3,Italian
jR8Xd6jvGj_eS-uwy1uTuA,Zizzi,2,14,3.5,Italian
jRE_OFEa8dmp2S25x-fgbw,St James Shopping Centre,2,49,3,Anonymous
JS2lVUj8dVwx5ludlpHRPw,Angels with Bagpipes,3,46,4.5,British
JsATmMz_EBHlALIYzs9qLg,Old Chain Pier,2,16,4,British
JSEJ2l4LNJz8f3q39Gx31w,Domino's Pizza,3,14,3.5,Fast Food
jsENu6YLygHA5Z-Vc7Ku2A,The Filling Station,2,56,3,Fast Food
JSZJBRzzx0kZ41da17bxFA,Harry's Bar,2,13,4,British
JTIbnUsifk_-08r6EfqWgA,The Cellar Door,3,18,3.5,British
jtkBfoit7ERfu5VhyDSXMA,Buckstone Pub & Kitchen,0,4,3.5,Cafes
ju7s2Ema8xEuXD5m6-XuRw,Casa Amiga,1,9,4,Cafes
JvdpALAa8W-DxMs7q12DEg,Khublai Khan,3,21,4,Anonymous
jvHYL4erEPfYShLML4ROaA,Kebab Express,2,4,5,Fast Food
jVnFKYIGozBufMDnBqVfQg,Dusit Restaurant,3,33,3.5,Thai
jwr_Ugjeh8MlbaaKGlWOTQ,Wing Sing Inn,2,13,3.5,Chinese
jXeVBenJoyfwtXwIsyvgvg,Madras Cottage,2,3,3.5,Fast Food
JzgUl2meOhXcAmWfb28C2w,The Beer Kitchen By Innis & Gunn,2,35,4,Breakfast & Brunch
jzP1EDY3shoD-SH2yUtOIg,Frankie & Benny's,2,8,1.5,Italian
K1cqP1GQ9fLd67SkJHx5FA,The Original Coffee Bean,1,5,3.5,Coffee & Tea
K5kEOnBu2rP2I6vYefr7eg,Galvin Brasserie de Luxe,2,19,4.5,French
k6FJNBFM45rWz7JnPIlFUQ,Vinyasa,2,8,4,Indian
KacjXtqXE0pH-aLT8rA25Q,Peacock Alley,3,4,5,British
KBtsJNRS7WpuTlS8JTUncw,Cosmo,1,15,3.5,Anonymous
kCl8sP2SKPgdzJwqBHODhw,Colonnades,0,5,4.5,Breakfast & Brunch
KD1vk9C94vKc8Pr_gF6VHg,Café Turquaz,2,26,3,Coffee & Tea
kFgZU_gT1TvaPSCkYyf1Sg,Ong Gie,2,18,3.5,Korean
KFsGDCz4ZO2Dwn8ak0aAqg,Yak & Yeti,2,13,4.5,Anonymous
KhIidXoCpQgagTJFgS2yeA,Snax Cafe,1,34,4.5,Coffee & Tea
KHv95Q_JteB-LMQF4F1Nug,Viva Mexico,2,61,3.5,Mexican
KjEFFEEd_r3XqGaWpmsWpg,Timberyard,3,33,4.5,British
KoRe1vxuFvrn-mjo66mwLw,Antojito Cantina,0,3,3.5,Mexican
KOv7XuQ2XRtNOQObAHerdg,Three Birds,2,26,4.5,British
kQ4xLggqd2ocI7Q2mrTWsA,Ong Gie,2,9,3,Korean
KqaqSncgHpzJRRWF4yyIYg,Blackwood's Bar & Grill,3,11,5,Anonymous
kr0YRuWURtN0fCZH7BEC1A,Absolute Thai Restaurant,2,5,4,Thai
KRIaEUoIK1bMUJg8u1E75Q,Taco Mazama,1,10,3,Fast Food
Kr-VWxzMrhSIYrrs2_Qwlg,Mariachi,2,29,3.5,Mexican
Krynn0_UmsfyKc0Ye1dlPw,WHISKI Bar & Restaurant,2,90,4,British
ksBbMhE8qOgsa4__tzHUzg,Elm Rose Cafe and Diner,1,9,4,Coffee & Tea
kst89zvoXV4z6q5XxLs7Rw,Teviot Library Bar & Underground,1,16,4,Fast Food
kSUYNayaf27F4yFzbul96w,Papilio,2,20,4.5,Canadian (New)
kusOEfY6ts9gIuBlwS9hog,Corner Pizza,2,3,3.5,Pizza
kVF5eiGohpefsCF71Z76KA,Carlos,2,4,4,Anonymous
KZ-iXefIBDvRTvGuVTy2og,Gennaro Ristorante,1,21,3,Italian
l0TBtmYbNDCYWm9kQkT0Kg,Shebeen,2,9,5,Anonymous
l4L4jJ3y--hAT7dF1Z44bQ,Yes Sushi,2,26,3.5,Sushi Bars
L5cQjBQu6qnV_grmvk-drg,Petit Paris,2,30,4,French
l5geRDF0zXr6l9A-42z8qQ,The Dogs,2,139,4,British
L5SMckJu1odIipvWE8iyzw,Nando's,1,26,4,Fast Food
l602ceOrTAkcAnmT9GA7Tg,Guilianos,2,3,3.5,Italian
LAGIF3moRmXtcgy6Vix-RQ,Hong,0,8,4,Fast Food
LBd9WVnJm1Hkb1IzB86fHQ,Castle Rock Take Away,1,7,3.5,Anonymous
lCe08q_wqyDVZyjA-V0voQ,Tasty Noodle,1,4,5,Chinese
Lc-GvCBmXmf1HF2eMW4zuw,Yellow Bench,1,10,4,Coffee & Tea
LCPso_j2icWvJI1bHN9uDQ,Yellow Café,1,4,4.5,Mediterranean
Le9FI_FTgln89GLHXJMe5g,Jashans,0,5,3,Indian
LEJ4RUkHgv1-uKZ_x-_wnw,Aji Sushi,2,4,4.5,Sushi Bars
LEO9b289aqCCK38zvIo8ow,Divino Enoteca,3,24,4.5,Italian
LES5wvNMruP8yGMBbl3NSw,No 1 Chinese,3,9,2.5,Japanese
LfQecSESeiwFFTvrPgM85w,Uncle Fish & Chips,1,4,2,Fast Food
Lg9soH3k5jAREqksu5gLtA,Cafe Musa,2,9,4,Coffee & Tea
lgzmpDKKyZyoKQ6210vsIg,Handmade Burger Company,2,14,3,Burgers
LIT0uGtS-_UzFAW2LU6_2g,The Clay Oven,2,11,3.5,Indian
Lj-csYhfbkXIWdwUpGv2CA,Bona Deli,2,15,4,Anonymous
ljpiBFSGgOobhrLVmSbQeA,The Beach House,1,28,4,Coffee & Tea
LKC5JBTHlt105vaDeeZinA,La Tasca,2,24,3.5,Anonymous
LlZZJGe_ToqxLefdOqsvaA,Reds Family Restaurant,2,5,4.5,Anonymous
lnalwQt8yttVgjS6IAVGQg,Nova Kitchen Vegetarian,0,7,4.5,Pizza
LNCrJTwjH9cOoLjPOzppmQ,Bite Me,1,7,4,Fast Food
lo2tx5L7cwNNLUb42qbtTw,Al Dente,2,14,4,Italian
loMdTaHt7TkZ4mYt88Iphg,Royal McGregor,2,40,4,Breakfast & Brunch
Lpy2yLyOu8oep28P3wmuKw,Mussel Inn,2,87,4,Seafood
lTsRBIcernRcCkSFy4of3w,Wild Wood Cafe,0,3,4.5,Cafes
LTt3uJvYWH7W_S576ZR_wA,Koyama,2,16,3.5,Sushi Bars
LtVNfXBl5y36wtvImEx8AQ,Zico's Brazilian Grill Bar,2,10,3.5,Barbeque
ltYNCJOZ8Vb1uS9UCwrWsQ,Kilted Lobster,2,5,4,Seafood
lwM1bditFeA2DF_-Z9Sxxw,Sodaeng,0,4,4,Korean
LXw-v3CNhpK8f4pBIojSAA,Chilli Connection,1,8,3.5,Indian
lYgJt5XnKTEjnBPx-aEztw,The Granary,2,29,3,Breakfast & Brunch
lYNVfn3o7tTqSAPTaBLAWA,Oink,1,189,4.5,Fast Food
m0yOk-81jhCxUXy4_hqMpw,The Sheep Heid Inn,2,60,4,British
M7BNZfYcWPgj2kxXz1yRMg,I. J. Mellis,3,19,5,Anonymous
MbDVN4XV8c5PB8i4hgWP8g,Sportsters,1,13,3,American (New)
MBgcvyZuDlKpNgFSxyXpaA,Nando's,2,3,4,Chicken Wings
MChDCe2bopMtQgPjj1XxpQ,McCowans Brewhouse,1,19,3.5,British
mCUG1X42cjrWobtusxLgSQ,The Broadsheet Bistro,2,6,2,British
MdikV2_TNKgrPkcsG4g6Uw,The Tailend,2,58,4,Anonymous
mFxqILBGrcnVNDkprz_wvQ,Rudi's Delicatessens,1,10,3.5,Coffee & Tea
M-GJEtqAIW6FKlBf2CHecw,Papa John's,2,14,4,Fast Food
mGygxnAdEfmTxfJcAVmz7Q,Italian Connection,1,10,3,Italian
mI2EMtr-lZYZQlxuyOg4xg,The Manna House,1,44,4,Cafes
mILWoahc7G29kTlWHcZpXg,Badger & Co.,0,4,5,Breakfast & Brunch
MlInwgqZckIAH-s442KmuA,Mallow Valley Cheesecake Cafe,1,4,4.5,Cafes
mMAVY7o3SlaLwmlpC9QCdw,Gaia,2,15,4,Italian
mMLEfpxUH3jXCWVvprJP8w,Kalpna Restaurant,2,35,4,Vegetarian
Mnph0YzocIltP9_216Zpig,The Curry Leaf,3,6,3,Indian
MNvWKHVUD9Kbo39tnDTLHg,Ginger Express,2,3,3.5,Fast Food
MOGlHebIgO9VxHkVSD3mKA,Mamma's American Pizza Co,2,49,3.5,Pizza
MOKRIGETEKtfx9RjuapKjg,Chiquito,2,4,3,Mexican
MPslQ3IxFCvJ157BXuwXGA,Cafe Bleu,0,3,4.5,Anonymous
MQDgAHs54RWnz1r1ksM_Cw,Palmyra,1,7,4.5,Fast Food
mRIy8IGiBDXEpcniJ1Oa7w,Gorgie Fish Bar,1,15,4,Fast Food
mV2qIJvhYuHTI0_to25nrQ,Embo Deli,1,12,4,Coffee & Tea
MyjfGiojLzOLAmxpd3Vn-g,Zen Kitchen,3,11,3.5,Fast Food
MZLCr_GGsRJJTmkeKOw0Dw,Qupi,1,12,4,Greek
n0aCzyrw7AKECzmmXvAf7w,Central Takeaway and Pizzeria,1,7,3.5,Fast Food
N3lziZWTdzMQopWwVa2rpw,Caffeine,0,3,4.5,Coffee & Tea
N95YZ9td9gUe02b-PwvDMg,The Honours,3,24,4.5,Anonymous
NBuRmwDNdYoFq5CP-jlyzQ,Joseph Pearce,2,40,4,Breakfast & Brunch
NbuWKPTElcg7ecw6AZ72sw,181 Delicatessen,0,5,4,Cafes
nCEazdbpYn9E5o1LpHuh8A,Brew Lab West End,0,5,4,Cafes
nEM1MVODyaZCWOg7Cya4EQ,Blue Parrot Cantina,2,13,4,Mexican
Ng3dilFR-hmgUqtBx1oJoQ,Henderson's,1,3,3.5,Anonymous
NGsfNM7zy5lEl2Lu-318Dw,Dubh Prais Restaurant,3,16,4.5,British
NHke_s0BtTvv_IKGMeBklw,Boozy Cow,2,19,2.5,Burgers
nJ31LKGa6y3Z8vgZr5-DMw,Mia Restaurant,2,13,4,Italian
nK8JQlU-TKmFUP-twpc7nA,Vigo Delicatessen,2,4,4.5,Anonymous
NLjG1EDhI2Aa71ZoLFqbQQ,Valvona & Crolla,3,59,4,Italian
nmIkcRMn8XuXf4GSSSt5nQ,The Mumbai Mansion,2,9,4,Indian
nnqNmFMLxDTW-SyOr-UXvg,Prezzo,2,10,3.5,Italian
nNXdKc_ertsZyDha-EP29Q,St John's Curry Club,1,3,3.5,Indian
nOel1jHjp5CW98mPOdt9Yw,Mezbaan South Indian Restaurant,2,17,3.5,Indian
noKQwODkAAXMkAVWsUxZdg,Caffe Centro,2,11,3.5,Coffee & Tea
Nom2-t7jSD4RvbsgnxaP3Q,Good Year Chinese Restaurant,1,6,3.5,Chinese
NPp4YxjARblWIf1SZoWdJg,Beetlejuice,1,14,3.5,Coffee & Tea
NPzEHVmD1sbl2EBa4JSMSA,S Luca,1,46,4,Anonymous
Nq_BMV7kyx9_C3w0Jip6CA,Greyfriars Bobby's Bar,2,57,3.5,British
NqbkQOyymWktiq5ulrl2BA,Sabor Criollo,3,11,4,Anonymous
nrgOEj4HvyGLM7WWeK1GsQ,Chatime,1,12,4,Coffee & Tea
ns2vxJtyMFyf1OuuasdRyQ,The Spicy Pot,1,3,3.5,Mediterranean
nSz7ukSlo9mW6YJdvb5mRw,McDonald's,1,6,3,Fast Food
nUINWeDBHOliyCU13vXTMA,Cramond Gallery Bistro,2,5,3,British
NVGQE0sxOQdTcq38qq0Awg,Deacons House Cafe,2,16,3,Coffee & Tea
nVkWHJB5Vajy_6pGOVyXZw,Bar Soba,2,22,3,Asian Fusion
NYSi8a4-NABF5X_nqOXG5g,Chessers Inn,0,4,3.5,Fast Food
Nz7NGcbodsKfEc2GbfWSRw,Wolfits,1,12,4,Anonymous
O00-JlnF0TtbYb3i7xQ_ZA,Pizza Express,2,10,3,Pizza
O0kzMnnv9kgRu5WhuS7bLQ,Kwok Brasserie,2,4,4.5,Chinese
O-3es2Ybg0x7gIXgPmCMcw,Cafe Nom De Plume,1,17,3.5,Cafes
OAzuzSsLxQH42I3YiUux7A,The Clock,1,20,4,Burgers
OBjWkOmqmZpSB_OfPcPXgw,The Dome Garden Café,2,6,3.5,Coffee & Tea
oCatThs5uhSGDgSV2KxxgA,Olive Branch Bistro,2,47,4,Mediterranean
OCmUiw241pE_nqFmjDiicw,The Southern,2,59,3.5,Anonymous
oE3Yycf8FH0kaiPd-nxAng,Wagamama,2,43,3.5,Asian Fusion
ofV8LgJPir14ycKQtUEi6A,China Palace,0,3,3,Chinese
OGABrBa2EPEn2ISo1uDUJw,The Black Fox,2,13,4,Burgers
Oi7zNRROJa17Y1-IE7A4Gw,Amarone,3,25,4,Italian
ojUzLZogbt7rNnmSEm1Bdg,Bella Italia,2,37,3.5,Pizza
OlsavX2ATv2RIkiFCm9eww,Woodland Creatures,2,24,3.5,Cafes
Omb-MB47jd6S6oUqGumnww,Diner 7,2,9,4,Burgers
oOnlLOvdn6PUnNzI2lsZ3w,Herbie West End,2,5,4,Coffee & Tea
OPGNBTFNDhtLUyDaxQwpJQ,Mughal Indian Restaurant & Takeaway,0,4,4.5,Indian
opY0CzwLcuYFN9Ho9mI4Gg,Deli Italia,2,3,3.5,Anonymous
OQFCVAIrw6eqtRhK3ZB0MA,Ryan's Bar,2,31,3.5,Cafes
orGRPvQADIXQ3B5g-os7Mg,Broughton Delicatessen and Café,2,32,4,Breakfast & Brunch
orRtROuWoOZWKdfgzgFXJA,Xanadu Chinese Restaurant,2,6,4,Chinese
oUwpku1TJrlRAe43D4aAOA,Finnegan's Wake,2,23,3.5,Anonymous
OvS1mJROcz94TiGP_j3cFw,Bodega,2,30,4,Mexican
Owy735XuxlqC9qR5K3_3og,Taste of Italy,1,23,3.5,Coffee & Tea
oXbUEckC6W9dgr_pciLnwA,No 3 Royal Terrace,0,6,3.5,Steakhouses
oylJWMEFXQ7NG8q7448sFw,Kweilin Restaurant,3,9,4,Chinese
Oz5wP5rjUh00RMrvsKcg_A,China Red,2,5,4.5,Cantonese
p1rH4VbPoAvErt5QqsZWAA,Prince's Mall Food Court,1,6,3,Anonymous
p6cNlPGmb6ygwiVOMU72DQ,Croma Pizzeria,1,3,3.5,Italian
P6O4JBwMN6fZhUQiAx43Kw,Abida,2,7,3.5,Indian
P9ny_balBoeSR6Fz8ofduA,Victor Hugo,2,39,3.5,Coffee & Tea
pa9yVSwr9lCajFzZAX_rPQ,Bruno's Diner,0,4,3.5,Breakfast & Brunch
PAxyy7m_lH4qLG_P5uzrDQ,Silver Bowl,2,17,4,Thai
pCIKGjCO2HQM8fGagQHZiA,Empires,2,20,4,Anonymous
pcZya2NujeyVqauKxUJ9-Q,Rapido,2,16,4,Anonymous
PeaWF6GhgJUipbjpxQD0kA,Purslane,3,7,4.5,British
PeDhu9yPwvVMiZdFYyNFAw,Café Grande,2,25,3.5,Cafes
PHNMV823vq7PKkG_aTc5Vw,Amber Restaurant,2,29,4.5,Anonymous
PlmZQ_ZJU6kQuhpynoG1Bg,New Garden Grove,0,5,4.5,Chinese
Pm6IHRv0FJh_nFBoWlWOHA,The Apartment,2,29,4,British
PMLfbdCLXnDEWQJH2D59DA,Zucca Restaurant,2,12,4,Italian
pNCi_Ru7Twi-c_4qsxjtyA,Café Truva,2,17,4,Coffee & Tea
pnGEK-CWT8zLwyvQoxOXOA,Benes Fish Chip Shop,1,18,4,Anonymous
pNru276cd7PJ4vV7ubYk5Q,Muffins Coffee House,1,4,4.5,Coffee & Tea
POTGUAjI5Ag9zRrDNgSVOA,Mums,2,140,4,Breakfast & Brunch
pOXf6XJLl2UhLRFd9_toEQ,G Y Chinese Take Away,1,6,3,Fast Food
pqU0Z_dr2y51e-i6yT5BHg,Punjabi Junction,1,7,4.5,Indian
Pr3LIe9bCTfhk5_hBKMGog,Hanedan,2,59,5,Anonymous
PsQV3uWg99lJXZpYPdpDGw,K2 Kebab House,0,4,3,Fast Food
PuB3jcwahtAkxQZy6f-D1A,Maialino,1,4,4.5,Coffee & Tea
pWVmflWPVF_sBcUgkmCnJg,Upper Crust,2,7,3.5,Burgers
PwWIvVYvVuBblttl2U9SUQ,Subway,0,3,3.5,Fast Food
pWwQNnIAyiVHp80y9m73ng,Che Takeaway,1,13,4,Fast Food
pxcERfGuSKD9KHYlfmc1HA,Hendersons,2,78,4,Vegetarian
pzn5rfoTCUxIYbvxM_ndlw,Arts Cafe,0,3,3.5,Cafes
Q_Bn6erwzVHsIOJ6JM5E7g,New Hot Pot,0,4,3,Fast Food
Q01nFcoKsr0EDDoft73pvw,Cafe No 33,1,6,4,Coffee & Tea
Q19gSL2gPn-v0pOsnANuRA,The Gardener's Cottage,3,28,4.5,British
Q2AMxNME0cg44U5Vwn7cRQ,Monteiths,2,45,3.5,Anonymous
Q3ngHERN9V0R1U0WwyBuPQ,Stac Polly,3,13,3.5,Anonymous
Q5ZaHKunlrYft4pIJnhLNA,New Chapter,0,5,4,British
QAFFqQCht7Z3ZmYdNY18og,Shezan Indian Cuisine,2,15,4,Indian
QbS8kEuBXfN6FN_JCuFLuw,The Outsider,2,149,4,British
QDSglFL1gBvUqZk8XPSbPg,Loon Fung,3,15,3.5,Chinese
Qf69NC-7-ipZw43CBklwjw,Pizza Express,2,26,3.5,Pizza
QFAZzMe2FssJ7w8Tdkovsw,Andrew Usher & Co.,2,16,4,British
qh106u7fvDwe_jqCsYB74A,Rafael's Restaurant,3,4,4.5,Anonymous
qiyPW4akcb2vASpfMwXUBw,Locanda de Gusti,2,9,4.5,Italian
QJKgasW7rzfMVAy6T7V-OQ,Tian Tian Seafood Harbour,0,3,4,Fast Food
qLaOVmMcQqk_em5ZVr8qYg,Charwood,3,3,3.5,Pizza
QmTGCPfHt2L7Og9W7XnOMA,Malones Irish Bar,2,22,3.5,Anonymous
qOOlgwxhgjYPIkHBSA6TfA,Pizza Express,2,18,3.5,Italian
QopG-46G0EIeePT8q-4JtQ,Smoke Stack,2,43,3.5,Steakhouses
QOpL8Ni1wZTeQKxkrlfDXg,Compass Bar,2,25,3.5,British
QRKbfnwa4VtiaU2pUeFLRg,The Other Place,2,24,3.5,Anonymous
QSKwZM0K_0CaFs65tkksjg,The Hideout Cafe,1,9,4.5,Coffee & Tea
quF94gjjWxTM-Q2h_oPhpg,New Happy Palace,3,4,5,Fast Food
QVjchABWbfnMD8cnvtk8RA,The Ceramic Experience,4,3,2.5,Cafes
QWoHG5ttj3cLuSVJ6LnkPg,Frankie & Benny's,2,6,2,American (New)
QXk50LCKBJJwnQJ1Sw2cNg,Saigon Saigon,2,54,3.5,Chinese
QxlFJYRYJoeDoF82XDyLxw,Ping On Chinese Restaurant,2,12,3.5,Chinese
QXUzUvUp8_sCDzp7f4_ToQ,Whighams Wine Cellars,3,21,4,Anonymous
qZGqQUvorJbNKfv6AaWhWg,Zizzi Restaurants,2,14,3,Italian
r32I8BU6x7Y4c_wcx3SMBw,Starbucks,0,4,4,Coffee & Tea
r3f6b2OX0CKShQREe1Gvww,The Railbridge Bistro,2,18,3.5,British
r3QvCj1tsgASA90GBU3eVg,The Stockbridge Restaurant,3,13,4,British
R6Cf9XGBqpqFzGYFrS_G6A,Tutto Matto,2,12,4,Italian
R9uAC0qIVMDQ8mEtwY2ZYg,B'est,2,14,4,Mediterranean
Rbcb8yJ8_uqnxACZ991cQg,North Bridge Brasserie,3,10,3.5,Coffee & Tea
rDASIMURyq5ac1C62B74Fw,The Scran & Scallie,3,42,4.5,Anonymous
rEcvDTQvd-IdoYPFWv-aMg,Fusion Chinese Takeaway,2,4,5,Fast Food
rh4M28dDzsYMK2JCmGBUAg,Hard Rock Cafe,2,45,3,American (Traditional)
RhFRNzCcTd48OA2QFDTdBA,Bonningtons Eaterie,1,15,4,Coffee & Tea
rkk2gLhqB3P5lwaGeBiDqQ,Villager,2,60,4,Burgers
rLFnR52oBi8oqobHmVMrjw,A Room in the West End,3,10,4.5,Anonymous
rLKBJ74iC2VebX7L5X7EtQ,bia bistrot,2,9,4,Anonymous
RMc4iVcD5_9BK-iixvwBAA,Rhubarb,3,15,4.5,British
R-qwpRdNQdEI1QEe_HyrcQ,Queens Spice,2,3,4.5,Indian
rTDftByMR92_33hy5PK9fA,Laura's Kitchen,0,6,4.5,Breakfast & Brunch
R-TFTJRdHz-DcD3gZp1Hug,Quattrozero,1,11,3.5,Italian
Rx-1jd5iQaOas3YdpC156Q,The Ship on the Shore,3,36,3.5,Seafood
rx66e_mvQG1O17HciXVK5w,Mr Hot Potato,1,9,4,Fast Food
rxwJSo1v8IcVRLlDKPweLw,Prezzo,2,9,3,Italian
rxzclM3gLlWvE3SvwKCJDA,Pickle & Custard,2,9,3.5,Cafes
RY3TeKXLz_ohplkQNDsHxg,Fringe Bar & Eating Place,2,3,2,Anonymous
RzqrPrg6tKWQg9g4Zg6gnA,Caffe Nero,1,7,4,Cafes
S_Kc3W7XJOXoqz7wmlKVvg,Britannia Spice,2,18,3.5,Thai
s7M5xTPh5pKHU168u8zFtA,Turquoise Thistle,0,3,2.5,Anonymous
S7RqCplads-Pvqb2k19yew,Ocean Spice,1,3,4.5,Fast Food
sa0-g5utA1SFa8NguHNWbw,Cucina,3,14,3.5,Italian
S-B0LVP2shyyX5Fkhmx30A,The Cafe Royal,2,66,4,Seafood
sCP15vpcbWEGqhNtFFd1AQ,Morningside Glory,2,11,3.5,Anonymous
sCWO7Up6mjgbDNE6Wtd0wA,Lady Nairne Beefeater Restaurant,0,3,4,British
SczkajqoJLycUK_yedMzGw,The Abbotsford,2,33,4,Anonymous
SDNTZcXLxjq003SEdqQbYw,Scotsman Hotel,3,28,4,Anonymous
sEy-T1JcWDPy7nJBVWDpaw,Cafe Rouge - Edinburgh,2,19,3.5,French
siuuUWGzXwpsJAswhQuwvw,Spud U Like,0,4,3.5,Fast Food
Sm6dVrk49qKcdltsjTwfuA,Olly Bongo's,1,6,4,Coffee & Tea
sMXA7m8JNxdMlJyu8r_uww,Cramond Falls Cafe,2,5,3.5,Cafes
SN1L-KXqso9NzjEaw2LKHg,Roseburn Cafe,1,4,3.5,Coffee & Tea
Src_MVEcsNPe8vDp4lHkXg,The Golden Dragon,3,5,2.5,Cantonese
SrcJ9L3jOR36xP13-RXXcQ,Golden Ambal,2,3,3.5,Indian
SRj_dgdfa8l8yprClGIhrg,Hung Lam,1,7,4,Fast Food
SSIcIrmS7oM2ViY40MhP2g,The Shore,3,20,4.5,Seafood
sUluGQJgcBxu9lqBO_2iYA,Seasons Restaurant & Bar,3,3,5,British
SuXOQHZkx43KRTpf319sNA,Pizza Hut,3,5,2.5,Italian
Sw7KuD0QqtGkS9X4nUwjZQ,Tigerlily,3,77,3.5,Anonymous
sYeV1Su8bervEWZNzegJLg,The Patio Restaurant,1,8,3,Italian
syQJzSlYZJPEBQwHO36JzQ,Porto & Fi,2,21,3.5,Breakfast & Brunch
SzrOPlW4u7iZKu65JrDp7g,TriBeCa,2,14,3,Steakhouses
t0dFDqmTcQJ87rsXAoV2KQ,Taste Of China,1,7,3,Fast Food
t2xjqC2y3Wwx1iGiQ-c6sA,Valvona & Crolla Vincaffe,2,27,3.5,Coffee & Tea
t3-oreHfx5CTZRM5jUcT4A,Spoon,2,64,4,Coffee & Tea
t4KylWDIDfLZAXgn1ivGog,Zebra Coffee Co,2,5,3.5,Cafes
T5pXsUKSwXDd4ApID5QlbQ,Domino's Pizza Group,2,5,4,Fast Food
t714WoGjdRWPvzMMN-a1XA,Browns,2,57,3.5,Breakfast & Brunch
tAoUsufHhcTRZEBTwmC68g,St Vincent,2,6,4,Anonymous
tc6V9KpFw_wAiY9mGXmmOw,Hula Juice Cafe,1,129,4.5,Coffee & Tea
t-cM-sIkmJKO_9RZDARusA,Shebeen,2,22,4,Barbeque
tD_DOWa2DitPuENvzaO0-Q,Cafe Truva,2,16,3.5,Anonymous
tghAVX6DJVQlUD3gEcfWrA,Ramada Edinburgh Mount Royal,3,6,3.5,Anonymous
TgmVzX8_jRgcGR8RnzzDHA,Tanjore,2,29,4,Indian
tHLEoHBZtjH1G_ONnKwRNg,Sandwich Culture,2,6,4,Coffee & Tea
tH-TyKlo4NpmL8p0wguhSw,Gali Ristorante Italiano,2,4,3.5,Italian
TkFBqMxq_LaFzpGsMmKajw,The Mosque Kitchen,1,71,4,Indian
TLE7d83pJqOwF6k3jetc4g,Kimmy's Takeaway,0,4,4,Fast Food
TmEUTzKmN3uFP8NTDHlhWQ,The Gurkha,2,12,4,Anonymous
tNdowObk-ct54LMbVNr9-Q,Tapa,2,29,4,Mediterranean
tqsW1e1X5Fv4zAPdjjjnhg,Baguette Express,0,5,4.5,Fast Food
TrznIBk8UDlgwM0BwEEP6w,Graze On Grassmarket,1,5,5,Cafes
tTfL-gFB3CWvxt9_I2Sriw,Mountaineering Camping & Skiing Graham Tiso,0,3,2.5,Anonymous
tty-n-NnU7JlVphAc8ldGg,Meltmongers,1,5,3,Coffee & Tea
TWbAoLEzU63VIrV1SLgseA,Greens Deli,3,4,4,Anonymous
TwH3GJIsN-JQiBR8HGDpWQ,Boteco Do Brasil Edinburgh,2,4,3.5,Anonymous
Tx0rMHLcKI7IgWrLUaGPxg,Chimichanga,1,5,3.5,Tex-Mex
U45yIcB67VA6XGJR6oMQlg,Tang's Japanese Restaurant,2,52,3.5,Sushi Bars
u4uJjR7DM4pd7Zp5gLXlMQ,Baguette Express,0,4,4,Anonymous
U569xa6_Z6GlQaET_Z2rXQ,The Khukuri,3,10,4.5,Indian
Ub6TPFp2wcijnyiXGMgIOA,Redcoat cafe,3,4,2.5,Anonymous
uBOh3YJmG-BDXF_HkedAIw,Bar @ JMCC,1,4,3,Anonymous
UbOZRZu9bF22LwFHsJbqzA,Moon & Hare,1,13,4.5,Vegetarian
uC7bjXLZIIE2WgtC0VWRYg,Martin Wishart,4,21,5,French
UDKcKPjqSQydc-7rpBcllw,Eatalia's,1,9,3.5,Pizza
UHzzjmRZHQQvnZ69SshH0A,Port of Siam,0,5,4,Thai
u-JyVztsrx2f9sZKm5FvWQ,TGI Fridays,2,36,3.5,Burgers
ukJSABWlLXj7r9dxOgCOOw,One Square,3,8,3.5,British
UKNAZDpXLkiNB4XcsdlEJQ,Cloisters Bar,2,53,4,British
ukWmqiBsWnLz3q1C2nF7vg,St Giles' Cathedral Cafe,2,8,4.5,Cafes
Ul2QB8Aix9ATXL1xgPSq8w,Milk,1,34,4,Breakfast & Brunch
UmTx5k_Uady_y6QuDv5UNw,L'Escargot Blanc,2,33,4.5,French
uq0rHcg288BIZZBhmOH3Gg,Royale Café,1,8,3.5,Breakfast & Brunch
urA0ALJ9edifkCgfjdjf9w,Potatoland,1,11,3.5,Fast Food
UtNk5sxV2AOlL4BrxO_VJA,Contini Cannonball,2,11,4,Italian
UTXq5fYPfWHowOaxcBYWCw,The Castle Cafe,1,5,3.5,Anonymous
UU6_J0qlegp2yQg1JmeKKg,Baked Potato Shop,1,119,4.5,Vegetarian
UuCF0SOBOVfthijFXworGQ,Super Sandwiches,0,5,3,Anonymous
uUz3CHsNFFWycpsfTsR4qg,Hewat's Restaurant,3,13,4.5,Seafood
uwV0CKF9A5hBjTKLoplphg,Pancho Villa's,2,30,3,Mexican
V0iK8NaEZdcT50J66E3PtA,Osteria del Tempo Perso,2,5,4,Italian
v39PftbqLswMFsaQg5C9_w,Los Cardos,1,61,4.5,Mexican
V4QeWvNpS9NIBXjS5U4sRQ,Ed's Easy Diner,3,4,2.5,American (Traditional)
V68IQZBVKGzaxIfvUBUDpQ,Maison de Moggy,2,9,4.5,Cafes
V6CvcE3WJxRe50-r1T_juA,Spice Lounge Kitchen,2,6,3,Indian
v7x4_XibERjqC3GJguXHOQ,Frankie & Benny's,2,18,2.5,American (Traditional)
V9mkm2Y2U_vgbGq1ZjSd8A,Cafe Keno,0,9,3,Fast Food
vD03_PW2AM9SD8WKqxCqPQ,Barracuda,0,6,4.5,Pizza
vDUBFxMBt6h2HggcEmVv-A,Nobles Cafe Bar & Venue,2,41,4.5,Anonymous
VekKmagfcsfq0UOeX_7RPg,Loaded Sandwich Bar,0,4,4,Coffee & Tea
vF4LrrUIkCemBpSpO39ukQ,Kilimanjaro Coffee,2,74,4,Coffee & Tea
vh9keka6y4aG-RjIqig6Dg,Copper Blossom,2,4,4,British
VHehbRMOnPFVjnNdKGf-qQ,The Basement,2,75,4,Mexican
ViCyCbRJu6tvzLutn4szGQ,BrewDog Edinburgh,2,74,4,Anonymous
VITFQQrzkyRnLelvMtULqQ,Pasha,1,8,4,Fast Food
vivmVfxNTEEPVCjKE0fCvQ,Turkish Kitchen,3,10,4,Anonymous
vJSGkGg689R1BziewRFTSw,Green Kitchen,4,8,2.5,Fast Food
VkdrMK6pnVn1unYg94Tsdw,Stack Dim Sum Bar,2,20,4,Dim Sum
vM4mM_ch0KtgMZWN33r8rA,Mamma Roma Restaurante,3,7,3.5,Italian
VMwY9g_Ua2b-gwZ8heGjzA,Giulianos,2,5,3,Italian
VrBeSZMN9XvcsL6MVVXsaQ,The Whistle Stop Barber Shop,2,7,4,Burgers
vTnjqAlCJr5gFz1yHC96EQ,Yo! Sushi,2,3,3.5,Sushi Bars
vt-Oa0dmsDU2IYeX-Zg6fw,The Street,1,18,3.5,Anonymous
VUH9DtK5G1zvgpkNpp58gg,Tuk Tuk Indian Street Food,2,41,4,Indian
VuY2zLt3DXZyAC0fEvg6HQ,Usquabae,2,12,4.5,Anonymous
VXl8mfkT906XfsMw3-Ct9Q,Taste Of Italy,2,12,4,Cafes
VxQ1g4DBfguuI72hz2desA,Curry Cafe,2,4,5,Indian
w_0qUfVIr4cc2QSu-Ki9sw,Dim Sum Sushi,0,3,4.5,Japanese
w8xIQQzq1B-DuH3aUR1Rtg,Time 4 Thai,2,24,4,Thai
Wb_dWZX9ZzMAT2yjMdtKdg,The Printing Press Bar & Kitchen,3,6,3.5,British
WBaii2O_C4f8swcmD6qAIg,Michael's Steak & Seafood Bar,2,4,4.5,Seafood
WBMQbW19_xH2zoUjAzIAAQ,Goodwill Chinese Carryout,1,6,3,Fast Food
wEXsUG_F0u3G1xt-A7lNdg,Street Box,0,6,4,Thai
WgBpGcBfXdxGVnLPwuL8XA,Platform 5,1,6,2.5,Anonymous
wGIh2lR9WdVhLaTVuTv2Uw,Cult Espresso,1,14,4,Coffee & Tea
WGy_8cFLvOYIw4EvV2HXAg,The Elephant House,2,176,3,Cafes
wKjYqhFd_l8KPLQzlLh1Lw,Eteaket,2,74,3.5,Coffee & Tea
Wmjkfk_sd8ia6rE-hc5DEg,Verdo Turkish Restaurant,0,3,3.5,Middle Eastern
wMjybwj5PvsD0Q4F-0bhbg,The Mussel and Steak Bar,2,77,4,Seafood
WN2QUFWxIiTtUgW-oczrQg,Café Marlayne,2,31,4.5,French
wNisE2bH-ab86Qp7sEFukA,Rotato,1,12,4.5,Fast Food
WOrIuukWaXIkUxnZncDmTg,Chip Inn,3,8,3.5,Anonymous
WpY5Vz41ArwvxTdr1CINHA,The Constitution,2,13,3,Anonymous
wqnRD28Z7umcCrTEBHnaNQ,Reekie's Smokehouse,2,11,4.5,Barbeque
WqSQaa_sQW6Q5YjB6edMQA,Ricebox Take Away Food Shops,2,10,2,Fast Food
WQTs7LeEiXWCdR7G8uz2ew,The Devil's Advocate,2,156,4.5,Anonymous
wraxxgwY15TeP04Gi9cUGQ,Makars Gourmet Mash Bar,2,9,4,Steakhouses
WsFK533cRAmK-7ij-QcUdg,Kampung Ali,2,33,4,Anonymous
wSfZg_xudYZsWLRrz8cAbQ,Gordon's Trattoria,2,19,3.5,Italian
WtAyuhyVG5RNphiajx-KxA,Ristorante Mamma Roma,0,3,3.5,Italian
WTK7mgUEBNp4uzNm7jCa-Q,Number One,4,27,4.5,French
wtL_CPTm-H0jfMOrkFoPSw,Restaurant At The Bonham,3,8,3.5,French
WunFu-5VGn7o5XCDuxLBTw,The Grain Store,3,41,4.5,British
wvEupBt3yFFLIPDFw-MSNA,Katie's Diner,2,14,4,Steakhouses
WvvHWkRSWqBiNKr1LAmJqA,Artisan Roast,1,27,4,Coffee & Tea
WWJxn4ijf3_V8lvpBX4rZw,Bella Italia,2,15,3.5,Italian
wWOZWs_ccPkHo6wTr36S9Q,McChans Oriental Express,0,3,4,Chinese
wWZRnl2yo-rJKmfnxMQQGg,Tony Macaroni,3,6,3.5,Italian
wxqI0LWuHh0z-qg6jIaKvQ,Taquito,1,14,4,Mexican
wyqouyZTP2qtLs0sdQJSOg,Loudons Cafe & Bakery,2,63,3.5,Breakfast & Brunch
WyWjm1KysDRzpA9-pHGnaQ,Herbie Of Edinburgh,1,6,4,Anonymous
Wz8BptrG8qgwl3xxgYqBrw,My Big Fat Greek Kitchen,2,18,3.5,Greek
WziVfBzE--NxBmpXUnjwbA,Ignite Restaurant,2,6,4,Indian
x0bR4RBbPQ_IvwU-T_XvDA,Thaisanuk Restaurant,3,7,2,Thai
x0pnQA8l02BHUC49lkV1cA,Burger,1,52,4,Burgers
X0QrdeEDhkuh-bfrp6JHqg,The Clock,1,12,3.5,Cafes
X45hvN2Z1gh5R4dPgXbVyQ,Café Andaluz,2,74,4,Anonymous
X5eQgeHUCqxlhVXAw6VlGw,Bread Meats Bread,2,20,4,Burgers
x8lqmWgqUA2ZWMlFM4ZE8w,Auld Jocks Pie Shoppe,1,6,3.5,British
X8qhNFttVpHDzWSgM5Zxng,Marcella's Italian Bakery,1,3,4.5,Coffee & Tea
xAArbabj2BbaICPR8mz7fg,Lune Town Cantonese Restaurant,2,5,4,Chinese
xaB8EHpyKKAHLLs5ZcvP7g,McDonald's,1,4,3,American (Traditional)
xARdRfoeo4VjazESKLB3iQ,The Salisbury Arms,2,19,3.5,British
Xbl4TSn3pGhuXUzlJe8KWQ,The Hub,2,18,3.5,Coffee & Tea
xdWxtoRpag86Wuz0sUVL5g,Saiko,2,4,3.5,Asian Fusion
xF4jaaESOYMqjDExu9vDnQ,Calistoga,2,29,4,American (Traditional)
XIG3djQzkwR4qdCgG87Z3Q,1780,2,10,3.5,Anonymous
XJnW39FUsenGuMZ1_cIxgA,Subway,1,4,3.5,Fast Food
Xk5iznUPktX7wx3dlRVWUA,Khartoum Cafe,1,10,4.5,Anonymous
XmF4RnQmMr7CX9wQVUFa3Q,Eastern Spices,2,3,4.5,Indian
xmXFn-MPVR4O23uzGhJ1DA,So Good,2,8,3.5,Fast Food
xoc5751bEHVpWauIhUjbfQ,Pizza Hut,4,14,4.5,Italian
XP4PpW_HcQv-33n-X0NwUQ,Merchants Restaurant & Caterers,3,3,3.5,Anonymous
XPLru2l5Dkk7hTtUFZOVEQ,Bistro Provence,3,5,3.5,French
x-rn21MhRq_ISjz-buBWXA,Aquamarina Fish & Chips,0,3,3,Anonymous
xs3SYPxPU1MksUOeQ9F32A,Bombay Bicycle Club,2,14,3.5,Indian
xScm9yRer2EOUU5x41yhrg,Soul Sushi,2,14,5,Fast Food
XSHfI03HNVOuAyz9Hr8okA,Starbucks,1,11,3.5,Coffee & Tea
XSYFZzXFY5wKMiYCf3JNOw,Brass Monkey Leith,2,34,4,British
XUe5N_pIl5l7mMuEfc0Tsw,Bay Of Bengal,2,11,2.5,Vegetarian
xuuJSD0Wjc1WMIbAIEObng,Cramond Inn,2,10,3.5,British
xy3RGcgJFKSpkMh78Ig7QQ,Ensign Ewart,2,12,4,Anonymous
XyYSroXLSCtQIK0taL9-fw,New York Steam Packet,2,15,4,American (Traditional)
Y_5uCm9VCPnGMnIKJyvGWg,The Kitchin,4,47,4.5,British
Y_NC3MrVIiTbmcK-MDrKiQ,Ondine,3,46,4.5,Seafood
y8iefIzc0HHpB0zN76A46Q,New Town Deli,0,6,4,Anonymous
YBIM76tvxivszpDX51dkOA,Saiyems Take Away,1,4,4.5,Fast Food
yDIP7hyLsN5hfpaicjHDSw,Social Bite,1,16,4.5,Coffee & Tea
YeikVsEAY-YRfWTpUCzqrw,Bluerapa Thai,2,11,4.5,Thai
yeKb69ODd91AM2hwxI6R9w,Sprio,1,4,4.5,Coffee & Tea
yg9pahHMCOLLp_Zd0WnZ6w,Babelon Cafe,1,12,3,Breakfast & Brunch
Yg-igagyaX-89nyLKS7RYA,The Cafe Citron,3,4,4,Coffee & Tea
y-hCSgYyhW1qRkZVVg2QYA,Michael Neave Kitchen and Whisky Bar,3,13,4.5,British
YhDgjI3JK1FS7Xe8sE3WNA,Zuhus Flamin Peri Chicken,2,3,4.5,Anonymous
ykn0TT8_72yOJLlgPChjyw,Red-Box Noodle Bar,1,43,4,Japanese
Yly8lmMDbqqznWJxpez2hA,La Rusticana,2,6,3.5,Italian
yn4m2uR_XvoLRZ8Zpp_hCg,La Baguette,1,5,4,Coffee & Tea
Ypa20lbDdaMTdA2SRrL_kg,TGI Fridays,0,3,3.5,American (New)
yQ2KpCC42nVjdddGyGgOuw,Inca,2,10,2,Italian
YqcuQo15ZOofCMtabalkTw,56 North,2,38,3,Anonymous
yqYrBEDbo5IizpF2XkuXig,Spirit of Thai,2,14,4.5,Thai
YRLQLyBQEEd3zoljhXPMIw,The Caffeine Drip,1,24,4.5,Cafes
yS5MXTyFYeD0ipI9vUPIyw,Pierinos Take Away Food Shops,1,4,3,Fast Food
Ys7qsX_8qR7i37uwit9LzQ,The Globe Deli,2,4,5,Cafes
YsMVV5UIXSh6w32QPkYHcQ,Spice Box,2,9,4.5,Thai
YvaUjvTb3BPbXy7v65aYSg,The Pompadour by Galvin,4,8,4.5,French
yvUkauH8AEjAy9byjhCzPw,Thyme,2,7,4.5,Anonymous
YxGhrps21fWDbTLPhW6baw,Domino's Pizza,0,3,4,Pizza
yxvh7Hi4OwTiNqEjCMBvXQ,Chop Chop,2,54,3.5,Chinese
yyzA2Ws8EJGevHpcx5VVnw,Sushiya,2,45,4,Sushi Bars
Yz0EoAIH3m_liYurf8Taow,Craigie's Farm Deli and Café,2,6,4.5,Cafes
yZiV6fBKOuD7vX0NhpNDjQ,Maxies Bistro,2,25,3,British
YzsxnL9OpqNYeQfd4TS2YQ,The West Room,2,23,4,British
Z2f_wtyr5-s1QBfNGSGO2w,McDonald's,1,8,3.5,Fast Food
z7jeSqq9CEP89mw6aEWcOw,Imperial Palace,2,17,4,Dim Sum
z7zJSAJtpmfHsWYlH-O7-g,Rocksalt,2,12,4,Coffee & Tea
ZAJvgvIpR-oSFEgb491hTw,Food Village,0,3,4,Fast Food
zB7hZZl_6qtKEncbIFCgDQ,Word of Mouth,1,40,4,Coffee & Tea
zGrkRroJmg9QWKe01mVBdQ,Henderson's,2,15,4,Vegetarian
zHezYA7RUlqm3xHwnR7ATQ,Skylark Cafe,1,3,4,Cafes
ZIcGm6EGnYQckTPISUGkWA,Pera,2,3,4.5,Anonymous
zkFz6ZEIHn74Lo2VA7OP9A,Al Borgo,2,3,4.5,Italian
z-kYAAXkP5T_hJ5FQLx2ZQ,Nikki's,1,12,4,Coffee & Tea
Zls4XLThHK6sm8NI4_OCEg,The Three Sisters,2,45,3,British
zlu8Ql5ByJ7ztgz1_qaoPQ,Karen's Unicorn,3,16,4,Chinese
zM2o6HVjC6SnznceX_fzHQ,The Koffee Pot,1,5,4,Cafes
zN4WAqxURH-CXRejFp9E6w,Mint Cafe & Flowers,2,3,3.5,Cafes
Z-NObtOLb_OZVQghuWLIjg,Royal Spice,2,7,4.5,Indian
ZNVicGnKfP-52Kxv8jOpiQ,Take It Away Spud,1,3,4.5,Fast Food
zO4QgyQpKBsC8uhrfydm-g,Dante's Restaurant,3,3,4.5,Italian
zpsDyx9wh7LYjtBLTpu_-w,Guildford Arms,2,48,4,British
zUcTDtH6P4RlWRvJ4pweQg,Deli 194,1,4,3.5,Anonymous
ZVcRGw0K83Ihvq191fnD9Q,Mintleaf,0,4,4.5,Thai
ZvFi_R1rg260tgRKSU_6yw,Delta Indian Takeway,3,5,4,Indian
Zx1n9pOOHKgTBCxzsmvENQ,Dean Gallery Café,2,7,4.5,Cafes
zXR9WUVpo-PF8xH5SmQ_xA,Yeni Meze Bar,2,14,4,Mediterranean
ZYAA7lfoMwkiSetiAHUpCQ,KFC,1,5,3.5,Fast Food
zYJhXVjEzLz92PVjkos8mA,Taste Good,2,29,4,Fast Food
zzhzW3DImwhSwpcK1Yuy7Q,Fair Trade Coffee Shop,1,20,4,Coffee & Tea
zzUUj9BUNn0_0F5hwy7RRw,Happiness,2,9,3,Chinese
ZzVC4zn3RfxplxHikDyVFA,Mr Basrai's,2,4,4.5,Italian
