name,Price Range,review_count,stars
Northside Café and Chinese Kitchen,2,335,3.5
The Verrado Grille,2,67,3.5
Boston Market,1,11,3.5
Chipotle Mexican Grill,1,26,3.5
Sonny's BBQ,2,73,3
Cafe De Manuel,2,21,2.5
Aposto,2,101,3
Pedro's Mexican Restaurante,2,73,2.5
L'Anecdote,2,36,4
Sala Thai,2,241,4
Pizza Hut,,9,2
Subway,,3,3.5
Anga Cuisine Inspiree,3,3,2.5
Luna Rossa,2,158,3.5
Pizza Brutta,,9,4
Hiroko sushi,2,8,4
China Joe's,1,20,2.5
The Constitution,2,13,3
Subway,1,13,4
Nevada Chicken Cafe,2,217,3.5
Nicky's Thai Kitchen,2,300,4
Cherry House II,1,24,3
Nellie Cashman's Monday Club Cafe,2,42,3
TENDER Steak & Seafood,3,344,3.5
The Capital Grille,3,193,4
Yasha From Russia,2,33,3.5
Domino's Pizza,,9,2.5
Jack in the Box,1,6,4
Le MajesThé,2,6,5
Nanay's,1,90,4.5
Reekie's Smokehouse,2,11,4.5
India Masala Bar & Grill,2,225,4
Garden Korean Restaurant,2,38,4
Phat Daddy's Cafe,1,34,3.5
Ricebox Take Away Food Shops,2,10,2
The Devil's Advocate,2,156,4.5
Denny's,1,16,3.5
Fat Willy's Clubhouse Pub & Grill,2,11,4
Comme Chez Soi,4,3,2.5
Ishi Japanese Restaurant,1,105,3
Twenty Princes Street,3,7,3.5
Kickstand Burgers & Bar,2,223,4
Bonterra Restaurant & Wine Room,3,97,3.5
Mediterraneo Family Restaurant,2,21,4
Café Bistro La Marinara,2,17,4
Makars Gourmet Mash Bar,2,9,4
Comalapa Family Restaurant,2,11,4
Taquitos Jalisco,1,222,4.5
Buffalo Wild Wings,2,135,2.5
Philly Steak Express,1,120,3.5
Boba City Cafe,1,81,4
Harmonie Orientale,2,4,3
Quesada Burritos & Tacos,2,11,3.5
Thee Olde Place Inn,2,13,4
Brugo's Pizza,2,17,3.5
Mr Charles Chicken & Fish,2,14,4
Papa John's Pizza,2,5,2.5
El Poblano Mexican Restaurant,1,43,4
61C Cafe,1,78,3.5
Fiesta Grill,2,6,3
Fernando's Cafe,1,20,3.5
Domino's Pizza,1,11,2.5
Runway Cafe,,4,4
The Vig Uptown,2,475,4
Les Tontons Flingueurs,2,12,3
Wilfrid Pasta Bar,1,3,4.5
Bombay Lounge,2,5,4
MOD Pizza,1,52,4
Kampung Ali,2,33,4
Gordon's Trattoria,2,19,3.5
Perkins Restaurant & Bakery,2,24,2.5
Dominick's Steakhouse,4,257,4
Tandoor Plus,3,4,3
Wingstop,1,31,2.5
Capriotti's Sandwich Shop,1,65,3
Pasta Tutti Giorni,2,8,3.5
Glenmel Cuisine,,3,2.5
Asian Cafe,1,14,3.5
Arby's,1,10,3.5
Pho 28,2,15,3.5
Ristorante Mamma Roma,,3,3.5
Main Street Vault,2,7,3.5
Casanova Brothers Pizza,1,566,4.5
Market Grille Cafe,2,296,4
McDonald's,1,4,1
Poulet Bronzé,1,11,3.5
Babbo Italian Eatery,2,102,3.5
La Ligne Rouge,1,12,3.5
McDonald's,1,11,1.5
Number One,4,27,4.5
Persis Indian Grill,2,116,3.5
Restaurant At The Bonham,3,8,3.5
Seviche,2,303,4
Quick Wok,1,9,2
Burger King,1,8,2.5
Le Viet Sandwich,1,21,3.5
La Flor Es Michoacan,1,10,4.5
Streets of New York,2,55,3
Just Breakfast,1,19,3
Dish Osteria and Bar,3,158,4.5
Shucks Tavern & Oyster Bar,2,237,3.5
Rí Rá Irish Pub,2,222,3.5
Taco Bell,1,26,3.5
Mickies Dairy Bar,1,232,4
L'Assommoir,2,64,3.5
The Grain Store,3,41,4.5
Oliveo Pizza,2,80,3
Joyful Chinese Dining,2,45,4
The Wee Restaurant,3,3,3
Blanco Tacos And Tequila,2,281,3.5
Crisp Greens,1,15,4
Price's Chicken Coop,1,288,4
Wendy's,1,4,2.5
Royal Kebab,,3,1.5
Drexyl Restaurant,2,65,4
Mikado - St. Denis,2,26,3.5
Hungry Howie's Pizza,1,16,2.5
Winchell's Pub & Grill,2,97,3.5
Les Incorruptibles,2,8,3.5
Mezze,2,9,4
Espresso Royale Caffe,1,41,3.5
8 Noodle Bar,2,146,3
Cypress Street Marketplace,2,83,2.5
Five Guys Burgers and Fries,1,35,3.5
Eggspectation,2,6,3
Katie's Diner,2,14,4
Life's A Bagel,1,19,4.5
Jimmy John's,1,58,3
L'Escalier,1,33,4
Chipotle Mexican Grill,1,19,3
Papi Queso,1,94,4.5
Sushi Shop,1,4,4
Sid's Cafe,2,86,2
Sakura Teppanyaki & Sushi,2,90,3
Sonic Drive-In,1,21,3
Capriotti's Sandwich Shop,1,28,3.5
Schatz Dining Hall,1,6,3
Artisan Roast,1,27,4
Restaurant O Cantinho,2,13,4
Rachel's Kitchen,2,219,3.5
Pure Pizza,2,56,4
KFC,1,15,2
Tacos La Carreta,1,35,4.5
Tacos Victor,2,20,4
Domino's Pizza,1,16,3
Bella Italia,2,15,3.5
Kim Fat,1,3,4.5
Franco's Pizzeria Italiana,1,27,4.5
Coo Coo's Gourmet Coffee Cafe,1,90,4
McChans Oriental Express,,3,4
Carl's Jr.,1,14,3.5
Yummy Yummy Chinese Restaurant,1,118,3
Mevlana,1,48,5
Meritage Steakhouse,3,89,3.5
Le Resto du Village,2,31,4
Señor Taco,1,97,4
Peter Piper Pizza,2,22,3.5
Tony Macaroni,3,6,3.5
Brooklyn Bagel Deli,1,112,3.5
Ed's Fish & Chips,1,20,3.5
La Concession- Boutique + Comptoir Alimentaire,2,15,3.5
Pita Kitchen,1,409,4.5
Piz Pistol,2,5,3.5
Rosati's Pizza,2,70,3
China Buffet,2,11,2.5
Cheuvront Restaurant,2,10,3
Rice King Restaurant,1,12,2
Salonika Gyros,1,44,3.5
3 Chiles Mexican Food,1,3,2.5
Taquito,1,14,4
Culinary Dropout,2,548,4
Red Shed Tavern,1,30,3
Hot Dog Heaven,1,107,3.5
Prohibition Gaming Bar & Grill,1,10,4
Allegro,3,266,3.5
McDonald's,1,12,2
Bojangles' Famous Chicken 'n Biscuits,1,11,3.5
The String Bean,2,141,4
Gus's SIR Beef Restaurant,1,20,3
Vocelli Pizza,1,11,3
Subway,1,4,3
Ming-Gee Chinese Food Restaurant,1,40,4
U S Pizza,1,13,4
Grill'n Go,2,14,4
Denny's,1,32,2.5
The Greek Pita,1,116,4
Jack-In-the Box Drive Thru,1,4,3
Phil's Deli New York Deli & Tavern,1,12,3
Ray's Pizza,1,25,3.5
Loudons Cafe & Bakery,2,63,3.5
Hot Pot Lab,2,35,3.5
Asian Star Buffet,2,35,3
Metro Pizza,2,192,3.5
El Amigo Mexican Food,1,5,4
Pizza Hut,2,7,2
Herbie Of Edinburgh,1,6,4
Tasty Thai Restaurant,2,133,4
My Big Fat Greek Kitchen,2,18,3.5
Los Favoritos,1,32,4
Great Steak and Potato Co.,1,9,2
Teru Sushi,3,19,3
Spring Rolls,2,33,3
Umami Burger -  SLS Las Vegas,2,653,3.5
El Chamizal Restaurant & Mexican Grill,2,6,2.5
Frite Alors!,2,10,4
Filiberto's Mexican Food Restaurant,1,35,3
Jason's Deli,1,113,3.5
Macayo's Mexican Restaurants,2,151,3
Ohana Hawaiian Bbq,1,79,4
Ignite Restaurant,2,6,4
Que Sabor,1,5,3
China One - South Durango,1,45,3
Hostaria,4,10,4
KFC,1,42,2
19th Donut Hole,1,52,4
Topgolf,2,500,4
Port of Subs,1,36,3.5
Robin des Bois,2,38,4.5
Thai Patio,1,107,4
Code Ambiance,3,10,3
Viva Chicken,1,571,4.5
Rustler's Rooste,2,583,3
D.O.C.G. Enoteca,3,327,3.5
Jersey Mike's Subs,1,23,3.5
Jack Astor's Bar & Grill,2,19,2.5
Morcilla,2,91,4.5
Let's DO Lunch,1,7,3
The Barbecue Company Grill and Catering,2,130,3.5
Italian Grotto,2,375,3
Mee-Ho,2,7,3.5
Marché de la Villette,2,141,3.5
Restaurant El Amigo,2,11,4.5
Bonnys,2,26,3.5
Restaurant Fou D'asie,2,5,4
Thaisanuk Restaurant,3,7,2
La Salsita's Mexican Food,1,29,3.5
Pin Kaow Thai Restaurant,2,435,4
Tim Hortons,1,8,2.5
Akai Hana Sushi & Grill,2,130,3.5
Burger,1,52,4
New Mexican Grill,1,293,4
The Clock,1,12,3.5
KFC,1,7,1.5
Phipps Bistro,,3,3.5
SLICE on Broadway,1,77,4
Amalfi Ristorante Italiano,2,93,3.5
My Pie Pizza,1,26,4.5
Chipotle Mexican Grill,1,55,3
Pub St-Paul,2,23,2.5
Filiberto's Mexican Food,,4,2
Claudio's Pizzeria & Ristorante,2,14,4
Parisa,2,20,3.5
Papa John's Pizza,2,9,3.5
Copper Branch,1,6,4
Lure Oyster Bar,2,84,3
Subway,1,3,1.5
Chez Ennio,2,26,4.5
Burger King,1,11,3
The Pirate Cove,2,12,4
Domino's Pizza,2,22,3
Pusadee's Garden,2,225,4
Xavier Artisan,1,7,4.5
Jack in the Box,1,7,3
Restaurant Sonnenbad,1,4,4.5
Roberto's Taco Shop,1,27,2.5
Chipotle Mexican Grill,1,81,3.5
Restaurant Amir,,4,4
Mi Familia Mexican Food,,6,2.5
Moe's Southwest Grill,1,17,3
Curry Corner,1,379,3.5
Chima Brazilian Steakhouse,3,330,4
Pin Up Pizza,1,302,4
Blueberry Hill Family Restaurant,2,284,4
Café Andaluz,2,74,4
Church's Chicken,1,11,3.5
The Good Egg - Carefree,1,42,3.5
The Lodge At Fort Apache,2,46,3
Grimaldi's,2,160,4
Thai Noodles,2,76,3.5
Roberto's Taco Shop,1,76,3
Naty's Fast Food,1,8,4.5
Fuzzy's Taco Shop,1,237,3.5
Tamarind Fine Cuisine Of India,2,116,4.5
Carniceria El Mexicano,2,4,4.5
El Ranchero Restaurant,2,159,4.5
Delibee's,1,3,2.5
Bread Meats Bread,2,20,4
Pho Saigon VIP,2,38,3
Domino's Pizza,1,20,3
Go Vegan Cafe,2,64,4
Hangar Cafe,1,181,4
Snack Nook,1,11,3.5
Bar-B Barn,2,34,3
Tacos Don Sammy,1,8,4.5
Sen Vang,1,26,4.5
Zipps Sports Grill,2,141,3.5
Beaver Hall,3,65,4
In-N-Out Burger,1,118,4
Qdoba,1,53,3.5
Bistro Guru,2,15,4.5
Big Wa Chinese,1,31,3.5
Great Dane Pub & Brewing,2,155,3.5
La Petite Marche,2,45,3.5
Waffle House,1,6,1.5
Red Robin Gourmet Burgers,2,64,3
Winghart's Burger & Whiskey Bar,2,371,4
America's Taco Shop,1,63,2.5
Bodrick's Bar-B-Q Rib Tips,1,9,3.5
Giorgio,3,3,4.5
Port of Subs,1,20,4
Chuch,3,7,3
Subway,1,9,3
Burgatory,2,405,4
Dave's Dog House,1,62,4
Auld Jocks Pie Shoppe,1,6,3.5
Marcella's Italian Bakery,1,3,4.5
Casey's Bar and Grill,3,6,3
Cafe Bistro McCord Museum,,3,4
Badger Tavern,1,12,4.5
Hwang-Kum,2,43,4
Pho Real Vietnamese Restaurant and Bar,2,157,4
Subway,1,4,2
Brasseur de montreal,2,36,3.5
Hambar,3,45,3.5
Chili's Grill & Bar,2,21,1.5
KFC,2,8,2
Spirit Bar,2,21,4.5
Lune Town Cantonese Restaurant,2,5,4
McDonald's,1,4,3
Auberge Bonaparte,3,23,4.5
the nosh,2,24,3
Subway,,3,4.5
Lombardinos Italian Restaurant and Bar,3,137,4
China Joe's,1,31,2.5
La Carreta De Lily,1,8,4.5
Capriotti's Sandwich Shop,1,13,3.5
Chipotle Mexican Grill,1,84,3
Jack In The Box,,6,3
Vino's Ristorante & Deli,2,24,3
The Salisbury Arms,2,19,3.5
Ô Zeu,2,10,4
Joe's Hot Dog Cart,1,3,4.5
Chinatown,1,4,2
Kafein Café-Bar,1,34,3.5
The Brass Ring,2,41,3.5
Mi Pueblo,2,116,4
OHSO Brewery - Paradise Valley,2,267,4
Subway,1,9,3
Delicia's Latina's,2,3,3.5
Hody Bar & Grill,1,16,2.5
Wingstop,2,5,4
The Hub,2,18,3.5
My Big Fat Greek Restaurant,2,225,3.5
Searsucker,3,223,4
Sonic Drive-In,1,9,2.5
Maxim Restaurant,1,171,4
The Berlin,3,22,4.5
Lalo's Mexican Food,2,28,3.5
La Piazzetta,,3,2.5
Barro's Pizza,1,55,3.5
Silk Road Asian Bistro,2,23,3.5
Jana's Bakery & Deli,2,15,3.5
Subway,1,6,2.5
White Castle,1,678,3
Doña Maria Tamales Restaurant,2,177,3.5
Famous Daves,2,7,3
Casablanca Cafe,1,53,3.5
Burger King,1,6,3
Les 9 Muses,,6,4.5
Asia Food,,3,4.5
P.F. Chang's,2,155,3
Casa De Falafel,2,6,4.5
Pure Sushi,2,224,3.5
Station W,1,34,4.5
Salmen,3,22,2.5
Wildfire Steakhouse & Wine Bar,3,4,4
Rolberto's,1,19,3.5
Cha Da Thai,2,168,4
Crandall's Peruvian Restaurant & Catering,2,33,3.5
IHOP,1,28,2.5
Voodoo Wings Company,1,161,4
Lombardi's Romagna Mia,2,151,3.5
Texas Roadhouse,2,104,3.5
Philly's Sports Bar & Grill,2,39,3.5
Einstein Bros Bagels,1,22,3.5
Cafe Bohne,2,11,4
In-N-Out Burger,1,143,4
Five Star Tavern,2,4,4.5
Holy Smoke Bbq,,5,5
Tortilleria Maya,2,3,4
RuRu's Tacos + Tequila,2,167,3
Noodles & Company,1,7,3
Freddys Frozen Custard & Steakburgers,1,100,4
Pepe's BBQ,2,6,3.5
McDonald's,1,12,2.5
Farmer Boys,1,111,3.5
Sterlings Steakhouse,3,6,2.5
La Barquita Restaurant,2,81,4
Great Dane Pub & Brewing Co,2,81,3.5
Saiko,2,4,3.5
StripSteak,4,940,4
Rosatis Pizza,2,39,3
Arby's,1,3,4.5
Manuel's Mexican Food,2,64,3.5
Queen City Q,2,30,3.5
Bobs Carry Out Pileem Up,1,5,2.5
Indian Paradise,2,206,4
Redendo's Pizza & Pasta,1,54,4
Tertio Wine Bar,2,13,2.5
Winnie Bar Restaurant,2,10,3.5
Other Mama,2,251,4.5
Pockets Bar & Grille,2,3,4.5
Arby's,1,3,3.5
Andiron Steak & Sea,3,183,4
Filiberto's Mexican Food,,5,2
Chickie & Pete's,3,5,2
Luigi's Pizza- Steelecroft Commons,1,48,4
Federico's Mexican Food,1,4,3.5
Calistoga,2,29,4
Twice the Deal Pizza,1,3,3.5
Lenny's Burger Shop,1,88,3.5
Die Stadtmitte,2,14,3.5
Tortilla Flat Superstition Saloon,2,107,3.5
D\u014dca Restaurant,2,3,4.5
Wendy's,1,3,1.5
Honey Bear's BBQ,1,186,3
Fox Sports Bar and Grill,2,28,2.5
Gaslight Cafe,2,6,4.5
Jimmy John's,1,5,2.5
Pomo Pizzeria - Downtown Phoenix,2,521,4.5
Jersey Mike's Subs,1,15,4
Hash House A Go Go,2,2857,4
La Porte de L'Inde,,7,3.5
Genuine Fresche,1,125,3.5
Jack In the Box,1,3,4
Bellamia Gelato,,8,4.5
Chili's,2,21,3
EAT West of Brown,1,10,3
Marconi Pizzeria,2,9,4
Hungry Howie's Pizza,1,56,3
Red Tortilla Mexican Grill,1,26,4
Smallman Street Deli,1,26,4
Falbo Bros. Pizzeria,1,13,3.5
Dino's Family Restaurant,1,31,4
Florencia Pizza,2,30,3.5
McDonald's,2,3,2.5
Little Caesars Pizza,1,9,2.5
Girasole Restaurant,2,217,3.5
Pizza Hut,2,3,1.5
Cafe Porta Alba,2,130,4
China Star,1,10,3.5
Barriques,1,51,4
Marco's Pizza,1,26,3.5
Trattoria Reggiano,2,157,4
Siamese Kitchen,1,69,4
Uptown Alley,2,152,3.5
Jewel's Bakery & Cafe,2,284,4
Sonic drive-in,,6,2.5
Subway,1,11,4
Rustica Pizzeria,2,109,4
Marathon Souvlaki Restaurant,2,30,4
McDonald's,1,24,1.5
Sivlik Grill,,3,3.5
McDonald's,1,16,3
Abacus Inn Chinese Restaurant-Arrowhead,1,118,3.5
Izakaya Go,2,251,4.5
Subway,1,4,4
Subway,1,12,3
Panda Express,1,15,3.5
Pizza Hut,2,9,2
Kimmie's Lounge & Restaurant,1,5,2
Jimmy John's,1,14,2
Someburros,1,116,3.5
Cabo Wabo Cantina,2,903,3
The City Cafe,1,6,5
King Coffee,1,31,4.5
Niki's Food Shop,1,8,3.5
Serendipity 3,2,3781,3
Gonzalez Y Gonzalez Restaurant,2,395,3.5
Short Leash Hot Dogs Food Truck,1,315,4.5
Ease Modern Comfort Cuisine,2,25,3
La Taguara,2,174,4.5
La Station des Sports,1,3,3.5
Oasis Bakery & Cuisine,2,33,3.5
Scramble A Breakfast Joint,2,684,4
HoneyBaked Ham,2,23,3.5
Jack In the Box,1,5,3.5
J & M Chinese Cuisine Restaurant,2,59,3.5
Chung Ming Restaurant,1,21,3
The Clever Koi,2,471,4.5
Arriba Mexican Grill,2,155,2.5
Totopo Mexican Kitchen and Bar,2,40,3.5
Ko'sin Restaurant,3,57,3.5
Home Garden Taste of Taiwan,1,19,4
La Folie du Koshary,1,47,4.5
Denny's,2,28,2
Red Kimchi Korean Restaurant,2,90,3
Golden Krust Caribbean Bakery & Grill,1,24,3
Taco Bell,,4,1
Chick-fil-A,1,85,4
Saddlecreek Coffee,1,77,4.5
Carlos'n Charlie's,2,27,2
Tim Hortons,1,3,2
1780,2,10,3.5
Firehouse Subs,1,29,4.5
Hardee's of Fort Mill,1,10,2
The Pita Pit,2,4,2
Papa Murphy's,2,4,2
The Leith Beer Co.,2,10,3.5
Japonais,3,326,3.5
Jack in the Box,1,8,2.5
Bar Milano,1,8,4.5
Jimmy John's,1,51,3
Subway,1,3,4.5
Inna Gadda di Pizza,1,71,4.5
Rudino's Pizza & Grinders,2,14,3.5
McDonalds,,14,1.5
Jia Jia Lok Chinese Restaurant,1,14,4
Jack in the Box,1,8,2.5
Du-par's,2,62,2.5
Happy's Pizza,1,20,2.5
Les Cons Servent,3,13,3.5
Fazoli's,1,13,2.5
Yanni's Gyros,2,141,4
Le Doggy Café,2,7,4.5
Baja Joe's Mexican Cantina and Seafood,2,198,4
Pizza Hut Express,1,5,2
Times Buffet,2,9,3
Five Guys Burgers and Fries,2,33,3.5
Gyros Town,1,56,4
Tropical Smoothie Cafe,1,102,2.5
Subway,1,11,2.5
Fu Jia Restaurant,1,4,3.5
Red Dragon Buffet,2,17,4
China Inn,1,7,3
Showmars Matthews,1,21,3.5
Barraca Rhumerie & Tapas,2,38,4
Denny's,2,27,3
Subway,1,4,3.5
The Blind Pig,2,263,4
El Oasis,1,57,5
EL 29,2,36,2.5
El Toro restaurant,1,4,4.5
Rubenbauer,,3,2.5
Tasty Fish Chicken & Grill,2,3,4.5
Fuel Pizza Cafe,1,77,2.5
La Maison Bulgogi,2,45,2.5
Tan Lac Vien,2,143,4
Le Bureau Bar Tapas,3,15,3
Crudo,3,313,4.5
Denny's,1,30,2.5
La Chronique,4,17,4.5
El Encanto de la Fuente,2,95,3.5
Khartoum Cafe,1,10,4.5
Walk'sches Haus,,4,4
Antalya,,3,3.5
Village Pub & Poker,2,63,4
Jimmy and Joe's Pizzeria,1,89,3.5
La Poblanita,,6,5
Hoepfner Treff,2,7,4
Falling Water Cafe,2,6,2.5
Those Guys Pies,2,326,4
Tequileria,2,130,2
The Refuge Cafe,1,135,4.5
Centrale Bergham,2,4,4.5
Pizza a Metro,2,297,4.5
KFC,1,8,2
Aloha Kitchen,1,90,3
Burger King,1,4,3
Demetrios Restaurant,1,6,3
Bellagio Pizzeria,2,58,3
Farley's Crafted Pizzeria,2,30,3.5
Tropical Smoothie Cafe,1,86,2
Ah-So Sushi & Steak,2,102,3
Bar Marco,2,204,4
Sonne,,3,2.5
Pieology Pizzeria,1,92,4
Pisa Pizza,1,8,3.5
Baja Miguel's,2,141,3.5
Loretos Mexican Food,1,6,5
The Belmont,2,13,4
Five Star Tavern,1,20,3.5
Burger King,1,4,2.5
Dilly's Deli,1,140,4
Thailicious,2,167,4
Joes Hasen,4,18,4.5
Restaurante Guatemalteco,,5,4
Burger King,1,6,2
Pierrette Patates,,5,5
UR Sweet Madness,,3,5
Nakato Japanese Steakhouse,2,58,4
Ditka's Restaurant,3,42,3.5
Chipotle Mexican Grill,1,65,4
Shoku Ramen,2,210,3.5
Five Guys Burgers and Fries,2,54,3.5
Lidia's,2,317,3.5
Mecca Sports Bar & Grill,1,10,3.5
Mariscos El Dorado,2,31,4
Eastern Spices,2,3,4.5
CK's Tavern & Grill,2,183,4
The Keg Steakhouse + Bar,3,221,4
Tides Seafood & Sushi Bar,2,68,3.5
Pupuseria Cabanas,1,12,2.5
Big J J Fish & Chicken,1,21,4
Nico's Fine Mexican Food,1,5,4
L'Écarté Café,2,9,4.5
Asian Cafe Express,1,399,4.5
Chipotle Mexican Grill,1,38,3
So Good,2,8,3.5
Pizza Pit,2,7,2.5
El Nuevo Taquito,1,8,4
KFC,1,3,3.5
Phil's Grill,2,14,4
Pizza Hut,1,10,2
Raku,3,1094,4.5
Firehouse Subs,1,25,4
Cielo Tapas Restaurant,3,3,2.5
Kneaders Bakery & Cafe,2,88,3
Ramen Station,2,32,3.5
Baskin Robbins,1,25,4.5
Chez Cora,2,10,2.5
Frijoles & Frescas Grilled Tacos,1,353,4.5
BURGER BRASSERIE,2,536,3.5
Hy-Vee Market Grill,2,14,4
Restaurant Bombay Choupati Enr,2,38,4.5
PT's,2,11,2.5
Sonic Drive In,1,4,3.5
The Doner Kebab House,1,4,3.5
TGI Fridays,2,121,2.5
Bobo China,1,142,4.5
Rito's Market & Mexican Take Out,1,242,4.5
Fausto's Mexican Grill 3,1,108,4
Pizza Hut,4,14,4.5
Tony's Pizzeria,1,4,4
Seilerei,3,10,4
Humberto's Mexican Food,1,29,4.5
Candide Café,1,15,4.5
Oregano's Pizza Bistro,2,196,4
Pizza Hut,2,15,1.5
Caffè Grazie Mille,2,16,4
Taco Bell,1,6,3.5
Pizza Hut,1,14,3
Tropical Smoothie Cafe,1,106,2.5
Las Islitas,2,38,2.5
The Sparklings,2,548,4
Vargas Steakhouse & Sushi,3,46,3.5
Merchants Restaurant & Caterers,3,3,3.5
Waffle House,1,23,3.5
SIR Hobo's,1,26,3
Subway,1,5,2
Super Burrito,1,18,3.5
Blu Sushi Lounge & Grill,2,129,3.5
Taqueria Allende,1,7,3.5
Z's Asian Fusion,2,139,4.5
Pizza Spiga,1,25,3.5
Del Taco,2,14,2.5
Sultan's Grill- Henderson,1,63,3.5
Jack in the Box,1,16,3.5
McDonald's,1,24,2
Bistro Provence,3,5,3.5
Yellowfin Japanese Restaurant,2,94,3.5
The Keg Steakhouse + Bar - Laval,3,29,4
Mr Wok,1,11,4
Payless Pizza #2 and Ribs,1,249,4.5
Dunn's Famous,2,8,3
Lucy's Cafe & Grill,1,12,3.5
Angela's Kitchen,2,57,3.5
Flapjacks,2,73,4
Cafe Agit,2,24,4
Buffalo Wild Wings,2,34,3
Bosa Donuts,1,265,4.5
Basil Thai Fusion,1,106,3.5
Qdoba Mexican Grill,1,10,3
Hoang Oanh Sandwich,1,16,3.5
The Arrogant Butcher,2,1137,4
The Larder + The Delta,2,65,4.5
On The Border Mexican Grill & Cantina,2,45,3.5
Le Taj,2,148,4
Restaurant Deli-Plus,1,4,4
Burger Craft,2,16,3
Domino's Pizza,1,15,3
Wolfgang Puck Express,2,57,2.5
Brad's Place,2,42,3
Carl's Jr,1,18,3
Cleo,3,324,4.5
The Pizza Peel,2,120,4
Lunch Room,1,19,4
Punjab,3,15,3
Nancy's East End Diner,1,23,4.5
Sanpresso,,4,3
Lucky Kitchen,1,89,3
Restaurant Pacini,2,3,5
JC's Steakhouse,2,100,3
Little Caesar's Pizza,1,21,2.5
Hungry Howie's Pizza,1,6,3.5
Red Embers Bar & Grill,2,28,2.5
Farmer Boys,1,108,3.5
Qdoba Mexican Grill,1,5,3
Martorano's,3,159,3.5
Aquamarina Fish & Chips,,3,3
Applebee's,2,95,2.5
Pizza Pit,4,8,2
Atami,2,13,4
Little Caesars Pizza,2,3,2.5
Pear and the Pickle,Pittsburgh,1,8
Les 400 Coups,3,71,4
Subway,1,7,3
Moira Sushi,2,265,3.5
Bombay Bicycle Club,2,14,3.5
Billy Bob's Steakhouse,2,102,3
Soul Sushi,2,14,5
Chand Palace,1,45,4
Pasqual's,2,68,3
L'Gros Luxe,2,47,4
Starbucks,1,11,3.5
El Caprichoso,1,18,4.5
Diamond's Chinese Restaurant,1,70,3
Wendy's,1,18,2.5
Hwaro,2,365,4
Lee's Sandwiches,1,539,3
Cafe Bistro L'amandier,,3,4
Restaurant Tre Marie,2,12,4.5
Hungry Monk,2,272,3.5
The Nile,2,97,4
Burger King,1,9,4.5
Brass Monkey Leith,2,34,4
Serrano Manchego,2,16,3.5
Robertos Taco Shop,1,10,3
Bosa Dounuts,1,15,3.5
Subway,1,13,2.5
Melrose Kitchen,1,123,3.5
Athen Palast,2,35,4
Taqueria El Paisano,1,18,3
Fatburger,2,78,2.5
Fortune Cookie Chinese Restaurant,1,11,3.5
Jack In the Box,1,8,2.5
Kitsuné,1,66,4
KFC,,5,2
Al Dente Trattoria,2,19,4
Chicken Latino,1,136,4
Tandoori Xpress,2,6,2.5
Chipotle Mexican Grill,1,38,3.5
Coin Delices Du Monde,2,5,2.5
Baldwin Street Grille,1,45,4
Chipotle & Jalapeño,2,17,3.5
Chun Fai Chinese Eatery,1,122,3.5
Antoon's Pizza,1,17,3.5
32 Shea,1,461,4
Wheelhouse Bar & Grill,2,12,3
Quartier-Perse,2,20,3.5
Café Zéphyr,2,5,4
Bay Of Bengal,2,11,2.5
Pho Saigon Viet-Nam,1,36,4
McDonald's,2,5,2
Woods Family Sandwiches,1,43,4.5
Carl's Jr,1,23,3
Bamboo Garden,1,9,3.5
Cili,3,40,4
Spicy Tang,1,12,3.5
Burger King,1,35,2
Restaurant Baton Rouge,3,4,3
Cramond Inn,2,10,3.5
King Wong Chinese Food,1,113,4
Le Toasteur,2,11,3.5
ENVY The Steakhouse,3,397,4
Wendy's,,3,3.5
Jack In the Box,1,18,2.5
Burger King,1,14,2
Carson Street Deli & Craft Beer Bar,1,95,4.5
Jack in the Box,1,6,4
Nitty Gritty Restaurant & Bar,2,52,3
Sofia's Cafe,1,28,3.5
English Rose Tea Room,2,92,4.5
Little Caesars Pizza,1,30,2
Pepper Cafe,1,32,4.5
Wienerschnitzel,1,20,3.5
Buffalo Wild Wings,2,37,2.5
Sunny China Buffet,1,8,3
Subway,1,10,2.5
Carl's Jr Restaurants,1,5,4
Dilallo Burger Original 1929,1,19,4
Burger King,1,21,1.5
Tacos El Compita,1,80,4
Dagwoods Sandwichs Et Salades,1,3,4
Cabane à Sucre Famille Constantin,1,5,3.5
Sticklers,1,55,4
Zella's Pizza and Cheesesteaks,1,88,4
Pasqual's Cantina,2,54,2.5
Yummy's Pizza and Ice Cream,1,13,4
Fired Pie,1,405,4.5
Showmars,2,8,3.5
Brasserie Capri,2,8,3.5
Lucille's Smokehouse Bar-B-Que,2,387,3.5
Arepera du Plateau,2,148,4.5
The White Chocolate Grill,2,670,4
Alfredo's Deli,1,5,4
Vinnie Gambini,2,6,3
Subway,1,6,3
Burger King,1,7,2.5
Zum Griechen,,7,4.5
Wooden Vine Wine Bar & Bistro,2,112,3.5
Jimmy John's,1,11,3
Fireside Restaurant & Tavern,2,107,4
Tom yum - Downtown,2,70,3
US Pizza,1,41,3.5
George's Gyros,1,115,4
Rotisserie Roasters,2,7,3
Mister Steer,2,65,3.5
Lesvos Gyros,1,31,4
Amazing Thai Restaurant,2,63,4
Geno's Pizza & Cheesesteaks,1,51,2.5
Island Style,2,638,4.5
Parthenon Souvlaki Rotisserie,2,12,4.5
Seattle Dan's Pizza,1,37,3.5
King of Spicy,2,35,3.5
Salazar Bros Mexican Food,1,57,4.5
McDonald's,1,8,2
360 Gourmet Burrito,,4,1.5
Jade Garden,1,41,3
The Urban Tap,2,168,4
Culinary Dropout,2,968,3.5
Penn Ave Fish Company,2,218,4
Amelie's French Bakery,2,153,4
Ensign Ewart,2,12,4
Country Club,3,230,4
Philly's Sports Grill,2,114,3.5
Jordandal Cookhouse,2,61,4.5
Subway,1,5,3
Taco Bell,1,5,3
La Playita Restaurant,2,22,4.5
El Greco,,4,3
Got Que?,2,100,4
Jardin De Jade Poon Kai Restaurant,2,38,2
Mi Familia Mexican Food,1,92,3
Q Bbq & Burger,1,7,4
Q Tavern,2,18,3.5
Habanero's Mexican Grill,1,105,4.5
Moghel Tandoori,3,6,3
Burger Bar,2,2266,4
Rosati's Pizza Sports Pub,2,50,3
Restaurant Deuxlux,2,3,2.5
Rounders,1,21,4
The Steakhouse at Treasures,4,3,3.5
Pizza Hut,2,16,1.5
New York Steam Packet,2,15,4
Freddy's Frozen Custard & Steakburger,1,30,3.5
Cafe Sam,2,57,4
Frite Alors,,5,3
McDonald's,1,4,2
Los Portales Bakery,1,15,4.5
Westside Bistro,1,18,4.5
Masala Palace,2,7,3
Burrito Express,1,61,3.5
Bund Shanghai,2,113,3.5
La Hacienda Restaurant,1,4,4
La Boîte Gourmande,2,19,3.5
Hon Machi Sushi,2,109,3.5
Papa Murphy's Take 'N' Bake Pizza,1,11,4
En Fuego,2,14,4
Maui Rose Hawaiian BBQ,1,121,4
Johnny Rockets,2,47,3
Angara Indian Spice Grill,2,99,4.5
Kaleidoscope Café,2,135,4
Liquid Pool Lounge,2,140,3
Cafe 157,2,50,3.5
Stan Fulton Bistro,2,4,4.5
Buona Sera,2,5,2
The Basak,2,24,3.5
China Wok,1,30,3
Rolbertos Restaurante,1,6,5
The Kitchin,4,47,4.5
Pho Bistro,1,63,4
McDonald's,1,15,3
Subway,1,4,3.5
Smokin' Joe's,1,69,4
Sushi Bar Sage,2,103,3.5
Montana's BBQ & Bar,2,6,3
Ondine,3,46,4.5
Stephano's Greek & Mediterranean Grill,2,65,4
Musashi Japanese Restaurant,2,119,4
Pizza Da Roberto,2,3,1
Dairy Queen,1,33,3.5
Turkish Kebab House,2,55,4
Culver's,1,125,4
Taco Bell,1,9,3
Great Dragon Restaurant,1,14,2
Las Taquizas,1,6,4.5
Burger King,,4,2.5
Le Cagibi,1,56,4
Haru Hana,1,28,4.5
The Wine Loft,2,91,3.5
Symposium Café Restaurant & Lounge - Waterloo,2,47,3
Five Star Tavern,2,12,4
KFC,2,15,2
Pot Tea Social House,2,211,4
Fuel Pizza Cafe,1,32,2.5
Pizza Nikkos,2,12,3.5
Popeyes,1,33,2
FrinGo's Kitchen,1,72,4.5
La Poblanita Mexican Restaurant,1,78,4
Wild Wing,2,11,2.5
DeStefanos,2,3,1.5
Patisserie Manon,1,520,4
Gaststätte Die Kippe,1,43,3.5
Tupelo Honey Cafe,2,709,4
Le Red Tiger,2,44,4
Village Inn,1,27,3
Carl's Jr 7081,1,13,2
Tasty Chinese Restaurant,1,26,3
Domino's Pizza,2,18,2.5
McDonald's,1,13,2.5
The Little Village Restaurant,1,5,4
Amato,3,5,5
Pointe In Tyme,2,68,3
Woodland Restaurant,2,17,4
Maietta Restaurant,1,6,4.5
McDonald's,1,33,2
Starbucks,1,7,3.5
Samurai Sam's,1,11,2.5
Rubio's Fresh Mexican Grill,1,55,4
Wok et Soupe,2,10,3.5
Pacific Seafood Buffet,2,181,3
Cantinho de Lisboa,2,23,4.5
Swiss Chalet Rotisserie & Grill,2,3,3.5
Tokyo Sushi House,2,212,3
Pizza Hut,1,14,2.5
El Cafetal,2,32,4.5
Empire Asian Bistro,2,87,3
Pad Thai Restaurant,1,58,3.5
Lazy Dog Restaurant & Bar,2,546,4
Golden Egg Roll,1,77,3.5
Lamm,1,3,3
T&J Gyro and Burger,1,3,5
Chahat Vidéo & Variété,1,3,4.5
Toasties,1,6,5
Cafe Daylight Factory,3,6,4
Betillos Mexican Food,1,18,4
Lindbergh Clothing & Lindbergh Cafe,2,16,4
Capriotti's Sandwich Shop,1,329,4
Golden Dragon Chinese Cuisine,1,77,3
Asi Es My Tierra,1,53,4
DW Bistro,2,904,4.5
Zio's Pizza & Wings,1,89,3.5
Wendy's,1,15,3.5
Paymon's Mediterranean Cafe & Lounge,2,452,4
Restaurant My Canh,1,30,4.5
Luo Restaurant,,9,4
Arriba Mexican Grill,2,156,3
Ginger China Bistro,2,63,3.5
Ephesus Mediterranean Kitchen,2,24,3.5
Floridino's Pizza & Pasta,1,296,4
Waffle House,1,25,3
Edo Japanese Restaurant,2,74,3
Virtù,3,233,4.5
Hawaiian Barbeque,1,98,3.5
Subway,1,7,2
Chicago,2,9,2
McCormick & Schmick's Seafood & Steaks,2,86,3.5
Whataburger,1,34,3
Thazard,2,28,3.5
Kid Cashew,2,132,4
International Eatery,1,23,3
Sushi Time,2,103,4
Papa Murphy's,1,7,3.5
New Town Deli,,6,4
Blaze Fast-Fire'd Pizza,1,275,4.5
Stinky's Bar & Grill,2,28,4
Sunflour Baking Company,1,39,4
Resto-Bar La Belle Province,,4,4
Little Caesars Pizza,1,7,2.5
Delicia,3,5,4
Buddy V's Ristorante,2,761,4
Draft House Bar & Restaurant,2,35,3.5
Over Easy,2,558,3.5
Papa John's Pizza,2,34,2
KFC,2,5,1
Mesa 14,2,50,3.5
Subway,1,5,1.5
Tony's Cafe,1,35,4.5
The Balerno Fry,,3,2
Le Mont,3,114,3.5
Which Wich,1,107,3.5
El Pollo Loco,1,18,2.5
Winner's Fast Food,1,4,3
Delmonico Steakhouse,4,1279,4
Amigo's Mexican Cantina,2,60,3
Lotus Garden,1,84,4.5
Lupita's Mexican Restaurant,1,22,3.5
Pizza Palermo,1,37,3.5
Holy Guacamole Fresh Mex,1,3,3
La Cage,2,18,3
Mi Pueblo Mexican Food,1,103,4
McDonald's,2,5,1
EVIT's Bistro 13,1,5,5
Subway,1,9,2.5
Buffalo Wild Wings,2,33,2.5
Thai Taste at University,2,72,4
Rubio's Fresh Mexican Grill,1,53,4
Le goût du Vietnam,2,4,3.5
McDonald's,1,3,2.5
Bomas Bar & Grill,2,48,3.5
Fresh Cool Drinks,1,10,5
Saiyems Take Away,1,4,4.5
Crudessence,2,88,4
Fatburger,1,9,2.5
Café les Oubliettes,2,8,4
Benvenuto's Italian Grill,2,36,3
Boulevard Deli,1,6,4.5
Caffe Siena,2,66,3.5
Akita,,5,5
Salumi Vino,2,12,5
Piatti,2,6,4
Streets of New York,2,33,2.5
Tortas El Manantial,1,12,4
Ten Penny,2,247,3
Teriyaki Madness,1,45,3.5
Tandori,1,5,3
El Pollo Loco,1,7,3
Rosie McCaffrey's Irish Pub & Restaurant,2,268,3.5
The Vig Fillmore,2,352,4
Port of Subs,1,11,2.5
Towne Tavern,2,63,3.5
Barro's Pizza,2,36,4
Jersey Mike's Subs,1,28,3.5
Subway,1,5,3
Le Tandoor,2,10,3.5
Greenbush Bar,2,137,4
Pho Asie Resto,1,6,4.5
Golden China,1,33,3.5
Playgrounds Fun Zone & Cafe,1,109,4.5
La Maison de Mademoiselle Dumpling,2,4,4
Chipotle Mexican Grill,1,37,3.5
Domino's Pizza,1,13,3
Tortas Paquime,1,21,4.5
Sushi Mon,2,821,4
Alder & Birch Cocktails/Dining,3,43,4.5
Little Caesars Pizza,1,10,3
Cast Iron Waffles,1,23,3
Angela's,2,44,3.5
Tailgaters,,3,2
World Famous Tuscany Pizza,2,9,2
Social Bite,1,16,4.5
American Deli,,4,5
The Caribou Tavern,1,54,4
Ramiros Mexican Food,1,12,3
La Salsita,1,6,3
Cristina's Restaurant,1,29,4
A Piece Of Havana,2,175,3.5
Grötzinger Pizza- und Kebab Haus,2,4,4.5
Denny's,1,53,2.5
Mundo Trattoria,3,7,4.5
The Cheesecake Factory,2,165,3.5
Bluerapa Thai,2,11,4.5
The Hills'  Pizza & Desserts,2,16,4.5
Sprio,1,4,4.5
Earl of Sandwich,1,80,4
MAD Greens - Mesa,2,41,4
Grill Tasquaria,2,6,2.5
Bad Owl Coffee,1,307,4
Irma's Mexican Food,1,11,2.5
Le Bol d'or / Golden Bowl,1,10,3
Big Al,Las Vegas,2,6
Bar Masa,4,23,3.5
Wendy's,1,14,3
Ye's Sushi,2,19,3.5
Lumiere French Kitchen,3,72,4.5
NYPD Pizza,2,172,4
Bravo Cucina Italiana,2,180,4.5
KFC,1,5,2
L'academie,2,7,2.5
Del Taco,1,8,3
Sweet Desert Euro-Café,1,52,5
Olam Interieur,,3,3.5
Street Dogs,1,25,4.5
Pho Cao,2,101,3.5
Checkers,1,5,3
Bistro Lustucru,3,20,3.5
Doubleday's,,4,4.5
The Pita Factory,1,20,4
Palazzo Restaurant At Tuscany Hotel & Casino,2,3,4.5
Frais Cafe & Sandwiches,,4,4.5
Nick's Place,2,11,3.5
Capriotti's Sandwich Shop,1,32,4
PT's,2,29,3
Chicken Noodle House,1,8,2.5
Taco Bell,1,6,2.5
Ziegler's New York Pizza Dept,1,6,4.5
Mi Pueblo Mexican Grill,2,85,3.5
Panda Express,1,14,3
Babelon Cafe,1,12,3
Panda Express,2,8,2.5
Barro's Pizza,1,27,3
Subway,1,11,2
The Cafe Citron,3,4,4
Tony Big's Pizza N Pasta,2,48,3.5
Monkey Pants Bar & Grill,1,140,3.5
Village Pub and Poker,2,56,4
Q2U BBQ Pit and Catering,2,28,3
Subway,1,3,3.5
Red Lobster,2,84,3
Panda Express,1,5,2
Regions Bistro and Bar,3,10,2.5
Dilallo Burger,1,4,3
Nestle Toll House Cafe by Chip,2,15,3
Manzellas Italian Restaurant,2,25,3.5
Birria Estilo Michoacan,1,6,4
Little Caesars,1,4,3
Asian Garden Express,1,18,4
Michael Neave Kitchen and Whisky Bar,3,13,4.5
Zuhus Flamin Peri Chicken,2,3,4.5
Burger King,1,19,1.5
Thai Room,2,119,4
Arahova Souvlaki,,8,2.5
Baja Fresh,1,41,3
Marco's Pizza,1,38,3.5
Nekter Juice Bar,2,93,3.5
Neiman Marcus Mariposa Restaurant,2,4,5
McDonald's,1,16,2
Dijlah Restaurant,2,45,4
Voila French Bistro and Wine Bar,2,83,4
Domino's Pizza,1,11,3.5
Caliente Pizza & Draft House,2,162,3.5
Capriotti's Sandwich Shop,1,271,4
Cowboy Ciao,2,12,3.5
Gerardo's Taco Shop,1,39,4
Burger King,,3,2
Las Sendas Golf Club,2,3,2.5
Simple Ingredients,1,13,4
Malhi Sweets Indian Cuisine,2,42,4
Luke Wholey's Wild Alaskan Grille,2,240,4
Dickey's Barbecue Pit,2,63,3
Yama Sushi & Grill,2,38,3.5
Diablo's Cantina,2,914,3
Del Taco,1,12,2.5
Tianxia Restaurant Coreen,2,14,3.5
Sicilian Ristorante,2,123,4
Whataburger,1,17,3
A Taste Of Carolina,2,21,3.5
Jersey Mike's Subs,1,61,3.5
Garage Wine and Tap,2,214,3.5
Coq O Coq,1,8,3
Chick-fil-A,1,33,4
Little Caesars,1,10,3.5
The Midori Japanese Fusion Sushi,2,116,4
Lobster Chowder Company,2,24,2.5
Sean Patrick's Irish Pub,1,34,2.5
Mediterranean Hookah Lounge and Cafe,2,26,4
Vasconia Boulangerie,,4,2.5
Three Angry Wives,2,166,3
China A Go Go,1,44,3.5
Cook Out,1,17,4
Jimmy & Joe's Pizzeria,1,135,4
Panda Express,1,16,2.5
Lempira Restaurant,2,42,3.5
East 74 Family Restaurant,1,12,3
Pei Wei,1,103,3
Restaurant Nhu Y,2,11,4
Gourmet House Of Hong Kong,1,98,3.5
Jalisco Cantina,2,166,4
PT's,1,6,4
Storms Restaurant & Catering,2,35,4
Hunan Bar,2,36,4
Caffe Paradiso,1,87,3.5
Pizza Hut,,7,1
Culver's,1,138,3.5
Chick-fil-A,1,31,3.5
McDonald's,1,12,1.5
Red-Box Noodle Bar,1,43,4
Isle de Garde,2,29,4.5
Casanova,2,334,4
The Mission,3,1326,4
Sahara Korean Restaurant,2,6,4.5
Cafe Istanbul & Market,2,99,4
Providence Road Sundries,1,25,3.5
Allô! Mon Coco,2,8,3
TGI Fridays,2,22,3
Roberto's Taco Shop,1,38,3.5
Someburros,1,199,3.5
Grande Pizza,1,31,3.5
Jimmy's of Chicago,1,8,3.5
Don Michael's,2,80,4.5
Pupusería El Zunzal,2,21,3
Bojangles' Famous Chicken 'n Biscuits,1,8,2.5
Waffle House,1,15,3.5
The Lodge at Grand Teton,2,72,3
Popeyes Chicken,1,14,2
Rana Döner Kebabs,1,12,4
Riverside Fish Hut,1,5,5
La Rusticana,2,6,3.5
Players Sports Bar,1,19,4.5
Rock Bottom Restaurant & Brewery,2,234,3.5
Rocco's NY Pizza,2,153,3.5
Jerry's Famous Coffee Shop,2,113,3.5
Sonic Drive-In,1,6,2.5
Basha Restaurant,,3,3.5
Wolfman Pizza,2,42,3.5
Dickey's Barbecue Pit,2,110,4
Miami Déli,2,23,3.5
Elio Pizzeria,2,37,4
Soupesoup,1,21,4
Subway,1,6,3
Five Guys Burgers and Fries,2,105,3.5
Jimmie's Restaurant,1,44,3
Taco Bell,1,25,3
La Baguette,1,5,4
Filiberto's Mexican Food,1,33,2
Bao Sandwich Bar,1,83,4.5
Anthem Streets of New York,2,17,2.5
Chao Phraya,2,33,4
Breakfast At Shelly's,2,4,4
Zaba's Mexican Grill,1,32,3.5
Mirada Restaurant Et Bar,2,3,1.5
Wendy's,1,21,1.5
A Taste of Greece Festival,1,8,3.5
Capriotti's Sandwich Shop,1,65,3.5
Bon Papillon,1,3,4.5
La Cabane du Portugal,2,31,3.5
Sacks Sandwiches,1,39,3.5
The Buffet,3,3546,3.5
Subway,1,7,2.5
Saigon Kitchen,2,327,4
Hussong's Cantina,2,473,3.5
Smashburger,1,206,3.5
The Real McCoy Sandwich Shop,1,14,4
DC Steak House,3,246,3.5
Hibachi Grill & Supreme Buffet,2,72,3
Wild Wing,,4,2
South 21 Matthews,1,27,4
Brigade Volante,1,4,3.5
Famous Dave's BBQ,2,175,3.5
Auntie Anne's,1,30,3
Subway,1,3,4
The Horny Toad,2,135,3
Badger Cafe,1,119,4
Penn Avenue Fish Company,2,101,3.5
Mr Leno,1,26,4
Milk Bar,2,81,3.5
El Tacazo,1,10,4
Subway,1,8,4
Hungry Howie's Pizza,1,6,2.5
Scratch Food & Beverage,2,41,3.5
Spring Garden Restaurant,2,12,3
Jody Maroni's Sausage Kingdom,2,23,2
Bombay Tandoori,,7,2.5
Chicken Connection,1,19,3
Pita Palms,1,74,4
Craftsman Table & Tap,2,147,3.5
Sunrise Pizza Restaurant,1,12,4
TGI Fridays,,3,3.5
Litchfield's,3,79,4
The Wrigley Mansion Club,3,185,3.5
Park Road Soda Shoppe,1,11,4
Amélie's French Bakery,2,1121,4
Panda Express,1,14,3
Oregano's Pizza Bistro,2,219,4
Pizza  Döner Litfaß,,3,4
Kofusion,2,27,3.5
Paradise Bakery & Cafe,1,75,3
Sun Penang,2,134,3.5
Subway,,10,3
Charleston Pizza,,4,4
Sambalatte Torrefazione,1,677,4
Nekter Juice Bar,2,91,4
Inca,2,10,2
Boston's Restaurant & Sports Bar,2,22,3.5
Big Daddy's Pizza,2,8,4.5
Pho So 1,1,763,3.5
1001 Nights Restaurant,2,29,3.5
Arizona Sandwich Company,1,99,4
56 North,2,38,3
Rosati's Pizza,2,28,2
Krispy Krunchy Chicken,,9,1
Jersey Mike's Subs,1,15,3.5
Houston Avenue Bar & Grill - Centropolis,3,16,3
Bangkok Express,2,16,2.5
Sonic Drive-In,1,36,2.5
Le Boucan,2,68,3.5
Chuck E. Cheese's,2,31,3
Szechwan Palace,2,222,3.5
MA MA Wok,1,21,3
Best-Imbiss,2,19,2.5
Martin O'Grady Irish Pub & Grill,2,32,2.5
Five Guys Burgers and Fries,2,71,3.5
Little Caesars,1,4,4
La Bocca Urban Pizzeria + Wine Bar,2,597,4
Greens and Proteins,2,93,4.5
Stacy's Pampered Pig,2,40,4
Spirit of Thai,2,14,4.5
Andreoli Italian Grocer,2,233,4
Bennett's Meadowood Country Club,1,19,4
Afamia Mediterranean Grille,2,21,4
Pooley's,2,33,3
Pizzalicious,2,65,4.5
Queen Creek Cafe,2,49,3
Hot N Juicy Crawfish,2,1395,4
Subway,1,13,4
R Lafleur,,3,4.5
The Caffeine Drip,1,24,4.5
Di Menna Restaurant,4,5,2.5
Peter Piper Pizza,1,7,2
Enoteca Mozza,2,34,3
Buraka Restaurant,2,29,3.5
Ronda Sushi,2,4,4.5
Restaurant La Prunelle,3,27,3
Pierinos Take Away Food Shops,1,4,3
The Globe Deli,2,4,5
Burger King,1,12,2.5
Samurai Sam's,1,12,3.5
El Cordobes,1,11,4.5
SugarJam  Bake Shop,2,60,5
Little Caesars,1,23,2.5
Sonic Drive-In,1,6,2.5
Spice Box,2,9,4.5
La Fabrique,3,50,4
O2 Lounge,1,25,3
Whataburger,1,36,3.5
Church's Chicken,1,9,2.5
JINYA Ramen Bar,2,666,4
Del Frisco's Double Eagle Steak House,4,215,4
Brasserie Bernard,3,10,3.5
The Cracked Egg,2,55,4
The Melting Pot,3,94,4
Taco Bell,1,5,2.5
King of Wings,1,13,4.5
Amir,,6,2
Mr Chow,4,140,3
Rainbow's End Natural Foods,2,83,4
Lupie's Cafe,1,171,4
My Sweet Blessings Bakery and Bistro,1,15,4.5
Pizzédélic,2,30,3
Grabbagreen,2,76,4.5
Rainbow Donuts,1,73,4
Mangiafoco,3,28,4
Mr Wok,1,3,3.5
Arriba Mexican Grill,2,131,2.5
Firehouse Subs,1,116,4
Pizza Ben,2,5,3.5
Pizza Factory,1,12,2
Zoup!,3,3,3
KanBai,2,20,4
Monical's Pizza,2,25,3
Los Paisas,2,76,4.5
Texas BBQ House,2,284,4.5
Lombardozzi's Restaurant,2,26,3.5
Ned's Krazy Sub,1,45,3.5
Restaurant Pompom Rouge,2,9,4.5
Lupita's Hot Dogs,1,28,5
Tavern On The Tracks,2,103,3.5
Phong May House,1,20,2.5
Golden China,1,22,4.5
Poplar Street Tapas Cafe & Wine Bar,2,19,4.5
Senor Sushi,2,117,3.5
Papa John's Pizza,1,8,2
Canton Dragon,1,32,4
Urban Slice,1,6,2
Pinot Brasserie Bakery,3,3,4
Ono Hawaiian BBQ,1,101,3
Eat'n Park,1,22,3
Red Robin Gourmet Burgers,2,75,3
Harvey's,1,4,3
Cafe Roma,1,5,3
Gilligan's HideAway,2,32,4.5
Blu Burger Grille,2,101,3
Restaurant Kejaki,2,9,3
Gilt Restaurant,3,16,4
Miller's Seafood House,2,12,3
Arhoma,2,32,4.5
Thai Chili 2 Go,1,116,4
La Fonda Mexican Restaurant & Cantina,2,100,3
Parthenon Souvlaki,1,4,3.5
The Pompadour by Galvin,4,8,4.5
Domino's Pizza,2,11,3.5
Prairie Diner,1,28,4
Subway,1,7,3.5
Casa Tapas,3,10,4
Raul & Theresa's,2,127,3
Soupesoup Crescent,2,5,3.5
McAlister's Deli,1,19,3.5
Z-Best BBQ,1,10,4.5
La Maison du Magret,3,14,4
Paradise Valley Burger Chase Field,1,8,4
The Stand,1,9,5
Shizen Japanese Restaurant,2,63,3.5
Mr Eat'z,1,44,3.5
Bruegger's Bagels,1,24,4
Pho Thanh,1,559,4
Texas Roadhouse,2,140,3.5
24th Street Pizza & Gyros,2,32,3
Thyme,2,7,4.5
Filibertos,1,18,2.5
Restaurant Bohemia,,3,4.5
La Gargotte des Antiquaires,,3,3
Chicke Now,1,7,4
Pete's Fish & Chips,1,82,2.5
Serrano's,2,81,3.5
Restaurant garbo,2,24,4.5
Pizza Mia Pizzeria,1,8,3.5
Cavo Nightclub,2,40,3.5
El Birotazo,1,37,4
Texas Roadhouse,2,65,3.5
Crepe Shack,1,50,4.5
PT's,2,63,3
El Taco Veloz,1,31,4
Alpenhaus,3,50,3.5
Une Nuit à Bangkok,,10,4.5
Mezzo Bistro and Wine,2,299,3.5
Don Tortaco Mexican Grill,1,16,3.5
Franks Pizza & Chicken,3,11,4.5
Liquor Factory,1,13,4.5
DumplingHaus,2,162,4
Sa-Bai Thong,2,110,3.5
Domino's Pizza,,3,4
Tasty Grill,1,12,4
Johnny Rockets,1,27,3
Arriba Mexican Grill,2,182,3
Knock Kneed Lobster,2,121,3.5
Cuban Foods Bakery & Restaurant,1,135,4.5
Firehouse Subs,1,49,3.5
Tonkatsu Kiyoshi,2,340,4.5
Charlie Palmer Steak,4,346,4
Chop Chop,2,54,3.5
Slice of Vegas,2,396,3.5
Sonic Drive-In,1,16,2
Cafe Rio,1,204,3
500 Degrees New York Style Pizzeria,1,95,4
L&L Hawaiian BBQ,1,12,4
In-N-Out Burger,1,122,4
Pork On A Fork,2,443,4
Spak Brothers Pizza and More,1,173,4
Sun's Thai Food & Jerky,2,161,4
Perkins Restaurant & Bakery,2,20,3
Alex,2,22,3
Luigi's,2,75,3.5
Short Leash Hot Dogs,1,327,4
Echo 5 Sports Pub,2,56,3.5
Enoteca Mozza,2,40,3.5
Il Panino Café Mediterraneo,2,4,4
Humble Pie,2,228,3.5
El Asadero,1,20,4
Angry Crab Shack,2,197,4.5
Foli's Place,2,9,3
Wendy's,1,32,2.5
Le Café Crème,2,7,3
Sushiya,2,45,4
Craigie's Farm Deli and Café,2,6,4.5
Burger King,1,3,2.5
Leo's Island BBQ,1,270,4.5
Subway,1,10,2
Arby's,1,13,2.5
Geisha House Steak & Sushi,2,198,3.5
Maxies Bistro,2,25,3
Empire Cafe,1,15,3.5
Sea Harbour,3,11,2.5
The West Room,2,23,4
Chipotle Mexican Grill,1,38,3
Golden Steer Steakhouse,3,487,4
Grüner Baum,2,7,4
Wonder Bar Steakhouse,3,84,4
Maza Mediterranean & Turkish Grill,2,267,4
Ping Pong Thai Restaurant,2,185,3.5
Taqueria El Buen Pastor,1,50,3
America's Taco Shop,1,129,3.5
Fiore Bistro,2,19,4.5
Little Szechuan,1,126,4
D Grill,2,129,3
Lucy's Bar & Grill,1,25,3.5
Edo Garden Monona,2,56,3
Alexi's Grill,2,105,4
Mammoth Steakhouse & Saloon,2,51,2.5
TaCarbon,1,132,4.5
Little Caesars Pizza,1,4,3
Cosi,1,6,2
Cafe Larue Et Fils,1,24,3.5
Bahn Thai,2,132,4
Del Frisco's Double Eagle Steak House,4,1098,4.5
Smashburger,1,124,3.5
Industria Brasserie Italienne,2,18,3.5
Wilson's Bar-B-Q,2,20,4
Manchu Wok,2,13,1
Taco Bell,1,11,2.5
Farmhouse Pizza,2,24,2.5
Rice To You,1,31,4
Atria's Restaurant,2,69,3
Little Caesars Pizza,1,5,3.5
Chipotle Mexican Grill,1,28,3.5
Le Pois Penché,3,61,3
Cafe Pan,3,9,4
Chipotle Mexican Grill,1,41,3.5
Reuben's,2,283,4
Veranda,3,347,4
Z'Tejas Southwestern Grill,2,255,3.5
Twist Bar & Grill,2,18,3.5
Popeyes,1,20,3
Pazzo,2,18,2.5
Luce Restaurant & Bar,3,139,4
Texas Land & Cattle,2,102,3
Kanvas,,5,4
McDonald's,1,8,3.5
Petinos,2,15,4
Jimmy John's,1,11,3
McDonald's,1,4,1.5
L'Entrecôte Saint-Jean,2,71,4
Booty's Wings Burgers & Beer,2,109,3.5
Del Taco,1,14,2
China-Restaurant King Seng,2,14,2.5
Roast Public House,2,121,3.5
UBI SUSHI,,4,4.5
Panda Express,1,26,1.5
Mickey's Tavern,1,159,4
First Watch,2,22,4
KFC,1,13,1.5
MOD Pizza,1,53,4
Defalco's Italian Grocery,2,863,4.5
Black Angus Steakhouse,2,80,3
Almadina Woodstone Oven & Grill,2,11,3.5
Carl's Jr.,,3,2
La Pizza,1,47,3.5
Thanjai Restaurant,2,62,4.5
Taco Bell,1,10,3.5
KFC,1,18,1.5
C-Fu Gourmet,2,174,3
Papa John's Pizza,2,5,3.5
Aria Mediterranean Restaurant,2,97,4.5
South Beach Marketplace,2,3,2.5
Casey's,2,5,3
The Mayobird,2,82,4
Manolo's Pizza & Empanadas,1,74,3.5
The Boardroom Restaurant,1,18,3.5
Cafe Rio,1,151,3.5
New India Bazaar,1,122,3.5
Sushi Sama,2,5,4.5
Grimaldi's Pizzeria,2,561,4
Glazier's Food Marketplace,2,398,4
Dairy Queen,1,8,2.5
Zen Asian Fusion,2,116,4
Jackalope Jacks,2,147,3.5
Arby's,1,7,2.5
Wendy's,4,4,2.5
Marché Hung Phat,1,33,4.5
Mount Holly Grill,1,8,3.5
La Grande Terrasse,2,28,2
Super B Burrito,1,6,3
McDonald's,1,23,2
The Grapevine,2,189,3
Domino's Pizza,,5,2
Subway,1,24,3
Imperial Palace,2,17,4
Restaurant Villa Hammerschmiede,4,30,4.5
Pita Jungle,2,155,3.5
Rocksalt,2,12,4
El Taco Tote,1,82,3.5
Lucille's Oyster Dive Truck,2,6,3.5
Qdoba Mexican Grill,1,44,3.5
Burger King,1,12,2.5
TGI Fridays,2,42,3
Wendy's,1,9,2.5
Roberto's Taco Shop,1,15,2
McDonald's,1,3,2.5
Chipotle Mexican Grill,1,43,3.5
Chaya Japanese Cuisine,2,182,4
Maya New York Pizza Bar,2,63,2.5
Ray's Pizzeria and Restaurant,2,11,2.5
Benjamins Western Avenue Burger Bar,2,133,3.5
Pizza Hut,1,23,2
McDonald's,1,4,1.5
Pizza Hut,2,21,2
Bridges Restaurant,2,14,3
Bollywood Curryhaus,2,4,3
Bruegger's Bagels,1,19,2.5
Restaurant Bitoque,3,22,3.5
Panda Express,1,19,2.5
Slapshots,,4,2
McDonald's,1,24,1.5
Outtakes,1,4,4
Panda Express,1,27,3
Phoenix House Of Pizza And Subs,1,17,3.5
Food Village,,3,4
Taberna Del Tequileria,2,93,2
Licklider's Deli & Grill,1,5,4
Chili's,2,55,3
Del Taco,1,21,3
Wilson's Bar,1,23,3.5
McDonalds,1,23,2
Barb's Country Junction Cafe,1,9,4
Ray's Pizza II,2,9,3
McDonald's,1,6,2
Fort Mill BBQ Company,2,44,3.5
Word of Mouth,1,40,4
Born And Raised,2,138,4
Subway,1,5,2.5
Native Grill & Wings,2,70,2.5
Redeye Diner,1,40,3
La Feria,2,75,4
ZiKiZ,1,136,4.5
Fair Trade Café,1,36,3.5
Denny's,1,38,2.5
Sports Deli,2,83,3
Rooster's Uptown,2,254,4
Olive Garden Italian Restaurant,2,80,3.5
Rabu Sushi,2,4,4.5
Omelet House Summerlin,2,165,4
Frankie's Pizza,1,29,5
Johnny Rockets,2,24,2.5
T-Bones On the Lake,2,104,2.5
Eat Unique,1,112,3.5
Indian Curry Haus,,6,3
Maison Mignon,1,23,4.5
La Chilenita,1,10,3.5
Two Brothers Kitchen,2,139,4
Mr. Triny Sonora Hot Dogs,1,4,5
All-American Bar & Grille,2,278,3
Creperie St-paul,4,12,2.5
Stroll Inn,2,5,4
Arby's,1,7,2.5
IHOP,1,37,2.5
Le Quartier Général,3,80,4.5
Multi Kulti,2,50,3
Chef Panda,1,46,3.5
Chicken Salad Chick,1,34,4
Wendy's,1,15,2.5
East Side Mario's,2,13,2.5
Grace Buffet,2,7,2
Crystal On Penn,2,45,3.5
Pepe's Tacos,1,146,2.5
McDonald's,1,4,2
Taco Feliz Mexican Food,1,16,3.5
Restaurant Centrale Pizzeria,2,3,4
Vine Tavern & Eatery,2,97,3.5
Tacos El Nevado,1,21,4
Cadet,,6,4.5
Bistro Nolah,3,16,4.5
Tom's BBQ,2,52,3.5
George & Son's Asian Cuisine,2,185,4
KFC,1,4,2
Papa Pinny's Pizzeria,2,103,4.5
Panda Express,1,20,2
Jun's Korean Restaurant,2,21,4
Que Mas Mexican Cafe,2,99,4
Eggs Frutti,2,14,3.5
Burrito Revolucion,2,9,3.5
Soucoupe Café,1,7,4.5
Nami,1,386,4.5
Takara,2,75,3.5
Burger de Ville,1,12,5
Pita Pit,1,69,4
Feast Buffet,2,414,3.5
Kabab Palace,2,125,3.5
Chen's Oriental Cuisine,1,29,3
Bonanno's New York Pizzeria,1,5,2.5
Sidewalk Cafe,2,76,2.5
China City Super Buffet,2,64,2.5
Cold Beers & Cheeseburgers,2,71,3.5
Machetes & Mexican Food,1,3,3.5
Craft 64,2,251,4.5
Bytes Cafe,1,11,3
Union Burger,2,11,3
Sarafino's Pasta and Pizza,2,57,4
Double Barrel Roadhouse,2,372,3.5
Panna Thai Restaurant,2,298,4
Jack In the Box,1,12,2.5
Joyful House Chinese Cuisine,2,388,3.5
A.A.,1,24,4
Sbarro,2,35,2
RP Adler's,2,54,3.5
McDonalds,2,13,2
La Panthère Verte,2,27,4.5
Culver's,1,6,3.5
PUB 365,2,21,4
McDonald's,1,11,1.5
LV Food Junky,2,43,5
Chick-fil-A,1,11,4
Sausagefest Food Truck,1,42,3.5
Petit Marché Végé,1,3,4.5
PAN,2,72,3.5
Morazán Restaurante,1,20,4
Olive Tree Market & Grill,1,129,4.5
Old Glory Cafe,1,3,4.5
Satay Brothers,2,38,4.5
Basha Restaurant,1,4,2
Tarbell's,3,261,4.5
La Belle Province,1,8,2.5
The Library,2,153,3.5
Universel,2,222,4
La Villetta Cucina Mediterranea,3,10,4.5
Subway,2,6,4
Buffalo Wild Wings,2,176,3
Zam Zam World Foods,1,30,4
Wendy's,1,19,2
Nudo,1,95,4
Restaurant Shogun (1983),,4,2
Henderson's,2,15,4
Papa John's Pizza,,8,3
The Cellar At Duckworth's,2,122,4.5
Il Primo Pizza & Wings,2,31,3.5
Little Caesars Pizza,1,5,2.5
Green Traiteur & Cafe,2,5,5
McGovern's  Enterprises,2,10,3.5
Brio Tuscan Grille,2,25,3.5
True Food Kitchen,2,723,4
Babystacks Cafe,1,24,4
Pie Five Pizza,1,28,4
Ye Olde Orchard Pub & Grill,2,28,3.5
Le Thai,2,1024,4
Skylark Cafe,1,3,4
Samurai Sam's,1,11,4
Little Caesars,1,7,2.5
Subway,1,3,3.5
Nourish,2,38,3
Eddie V's Prime Seafood,3,332,4
Joe Philly's Pizza,1,72,3.5
Chick-fil-A,1,43,4
Café l'Artère,1,11,3.5
Chick-fil-A,1,51,4
Papa Murphy's,1,11,4
Filiberto's Mexican Food,1,14,3.5
Vida Vida,1,50,3
Domino's Pizza,2,14,3
Rooster's Wood-Fired Kitchen,2,218,4
Federico's Mexican Food,1,14,3.5
Pasta Shop Ristorante,2,232,4
Popeyes,1,25,1.5
Restaurant Tuk Tuk,2,17,4
DQ Grill & Chill,1,32,2.5
Pera,2,3,4.5
Charr An American Burger Bar,2,189,3
Pita Pit,1,7,3
Highland Halal Shawarma,1,11,4.5
Riviera,3,15,4.5
Nau-Ti-Gal,2,59,2.5
La Salsa,2,64,3
Carl's Jr,1,6,1
Pita Pit,1,27,3.5
Subway,1,8,4.5
Rusconi's American Kitchen,2,395,4.5
Buffalo Wild Wings,2,178,2.5
Sushi Guru,2,101,4
Park Restaurant,4,98,4
Denny's,,3,1.5
Panda Express,1,21,2.5
Subway,1,11,2.5
McDonald's,,5,1
Yogis Grill,1,36,3.5
Cottage Restaurant,1,8,1.5
Modbox Bistro,1,5,4
La Belle Province,1,16,3.5
Peter Piper Pizza,1,22,3.5
Qorris Restaurant,2,21,4
Dairy Queen,1,65,2
Solymar Restaurant,2,14,4
Copps Food Center,2,10,2.5
Sidestreet Pho and Grill,1,238,4.5
Track Lounge,2,3,3
The Cafe at Scottsdale Bible,3,5,5
Texas Star Oyster Bar,2,53,3
Long Wong's of Laveen,1,24,2.5
Burger King,1,10,1.5
Mikasa,3,14,4
Vegan House,2,90,4.5
The Cooking Pot,1,6,4.5
Al Borgo,2,3,4.5
Pizzellicoq Restaurant,2,3,4.5
Tacos and Tequila Cantina,2,5,3.5
Pendeli's Pizza,1,4,4
Subway,,3,2.5
Buffalo Chip Saloon and Steakhouse,2,204,4
Noodles & Company,1,53,2.5
Wendy's,1,13,1.5
Waldo's Tacos,1,35,4.5
Panera Bread,1,119,3
China Roll,1,33,3.5
Swad,2,128,4.5
Nikki's,1,12,4
Aunty's Kitchen,2,42,3.5
Domino's Pizza,1,8,4.5
Pino's Contemporary Italian Restaurant & Wine Bar,2,65,3
The Flipside Cafe,2,212,4.5
Red Dragon Chinese Food,1,91,3.5
Harvey's Restaurants,2,15,3.5
Sonic,1,21,3
Vinny's East Coast Pizzeria,2,51,3.5
Kebap Express,2,6,3.5
Newport Cafe,1,10,4.5
Rosati's Pizza,2,39,2.5
Tom's BBQ,2,138,3.5
Roberto's Taco Shop,1,7,3
Pizza Hut,3,15,1.5
Sonic Drive-In,1,14,2
The Three Sisters,2,45,3
Jimmy John's,1,18,2.5
Karen's Unicorn,3,16,4
Earl of Sandwich,2,84,3
Jersey Mike's Subs,1,37,3.5
Le Petit Sao,2,5,4
Chicken Lips,1,39,4.5
Oming's Kitchen,1,24,4.5
Yogis Grill,1,26,3
The Koffee Pot,1,5,4
Lucy Ethiopian Restaurant & Bar,2,15,4.5
Ritter Stammhaus,,12,4
China Express Chinese Restaurant,1,12,4
Hillstone Restaurant,3,484,4
Chick-fil-A,1,13,4.5
El-Mundo Cafe Bistro,1,3,3
Wasabi Jane's Venetiaen,1,6,2
Carly's Bistro,2,342,4
Cafe Rio Mexican Grill,1,49,3.5
Boonda's,2,7,3.5
Jimmy John's,1,86,3
Papa Del's Pizza,2,305,3.5
The Garden Cafe,1,3,5
Famous Wok,1,5,2.5
St. Tropez International Buffet,2,66,2.5
New South Kitchen & Bar,2,128,4
Jack in the Box,1,6,2.5
Pizza Hut,,6,3
Mint Cafe & Flowers,2,3,3.5
Arahova Souvlaki Restaurants,2,3,3.5
Hunan Park,1,31,4
Domino's Pizza,2,10,3
Jason's Deli,1,74,3.5
Michael Mina,4,528,4
Jack in The Box,1,12,2
Norm's Eggs Cafe,1,172,3.5
Pizza Old Roma,1,44,4
Pizzeria Geppetto,2,25,3.5
Fresh Mint,2,262,4
Xaviers Casa Reynoso,2,15,3.5
Midtown Sundries Grill & Bar,2,19,3
Julioberto's,2,6,2
Royal Spice,2,7,4.5
Mbco,2,7,4
Dairy Queen,1,3,3
Take It Away Spud,1,3,4.5
Double Pizza,1,3,1.5
Rudy's Mexican Grill,1,22,4.5
Rise & Shine - A Steak & Egg Place,2,884,4
Old Chicago,2,50,3
Dante's Restaurant,3,3,4.5
Chicken King,,5,3.5
Canyon Ranch Grill,2,78,4
Merry-Ann's Diner,1,38,3.5
Papa Murphy's,2,10,3.5
Spartan Pizza,1,13,4
Haus Murphy's,2,454,4
Yusho,2,243,3.5
Subway,1,6,2
Red Robin Gourmet Burgers,2,90,3
Pei Wei,2,94,3
Subway,1,15,2.5
altitude 737,2,3,4
BJ's Restaurant & Brewhouse,2,396,4
Tortas Paquime,1,66,4
Sansei Japanese Cuisine,1,8,3.5
McDonald's,1,11,3
Wienerschnitzel,1,14,2.5
Bruegger's Bagels,1,20,4
Trattoria Art,,4,4
Restaurant Bonaparte,3,140,4.5
eat.,2,1511,4
La Santisima,1,1142,4.5
Outback Steakhouse,2,34,2.5
Hef's Bar & Grill,2,45,3
LYFE Kitchen,2,378,3.5
Olive Garden Italian Restaurant,2,95,3
BRAVO! Cucina Italiana,2,79,3.5
Borracha Mexican Cantina,2,127,4
Restaurant Pho 21,2,8,4.5
Pizza Navona,1,6,3.5
Humberto's Taco Shop,1,23,3.5
El Cochinito Contento,1,5,5
Subway,1,7,2.5
McDonald's,1,10,2
Olive Garden Italian Restaurant,2,29,3.5
Brazwell's Premium Pub,2,39,2.5
Guildford Arms,2,48,4
Mariscos Vuelve a la Vida Restaurant & Banquet Hall,2,5,3
Restaurant Bambou Bleu,2,3,2.5
Manuel's Mexican Restaurant & Cantina,2,88,4
Someone Else's Bar,2,40,4
Da Vinci,2,10,4.5
Chengdu Delight Chinese Cuisine,2,34,4.5
China Buffet,2,60,3
Bad Daddy's Burger bar - Ballantyne,2,232,4
Love Sushi,2,83,3
Rest-Poutine,1,9,5
Sonic of Mesa #9,1,13,2
Blue Burrito Grille,1,32,2.5
L'Oeufrier,2,7,3
Viet Bistro,1,253,3.5
Restaurant Makoto,2,14,4
Philly Steak Express,1,79,4
John Cutter,2,221,3
Which Wich,1,37,4
Papa Murphy's Take 'N' Bake Pizza,1,10,3.5
Bojangles' Famous Chicken 'n Biscuits,1,8,4.5
Maison Christian Faure,2,242,4.5
Pizza Hut,2,14,2.5
Papa Murphy's,1,10,4
El Zaziummm,2,23,2.5
Native Grill & Wings,2,80,3.5
Kristofer's Steak House,4,4,3
Great American Bagel,1,39,2.5
Caribbean Curry House,2,33,4
Wild Grill @ Wildfire Sunset,1,3,4.5
Poutine Centrale,2,51,4
Wurst German Bar,2,13,2.5
Spinato's Pizzeria,2,309,4
Panda Express,1,18,3.5
Eggspectation,2,14,3.5
US Egg Restaurant,2,335,4
Picazzo's Organic Italian Kitchen,2,166,3.5
Sakari at Monterey Bay,4,5,3
Raising Cane's,1,164,4
Pirates Fish and Chips,1,29,2
Wingstop,2,24,3.5
Little Ceasers,1,5,2.5
Boston Market,1,9,3.5
Rosati's Pizza,2,48,3.5
Aiello's East Coast Italian,2,91,4
Los Compadres,2,47,3
Thien Phu,,4,4
Gauffre Mignonne,2,9,4
La Station des Sports,,5,3.5
Mia Za's Cafe,1,73,3.5
Tropical Smoothie Cafe,1,30,3
Phoenix,,5,4
House Modern Sushi Restaurant,2,223,4
Scuttlebutts,2,28,3.5
Steerburger Tous les Jours,1,51,4.5
Nippon Sushi,2,18,4
Wicked Spoon,3,4967,3.5
KFC,1,19,2
Big Ben British Restaurant & Pub,2,134,3.5
New Great China Super Buffet,1,5,3.5
American Cafe,2,4,2
The Buffet at ARIA,3,1552,3
KFC,1,7,1.5
Tapacubo,2,66,3.5
Food Lion,1,3,2.5
Bao Bao Dim Sum,1,13,3.5
Tapas 51,2,56,4.5
Crispy Crepe,2,204,3.5
Papa Murphy's,2,12,3.5
Great Grubbing,2,125,4.5
KFC,,16,1.5
Gators Pizza,1,25,4
Double Pizza,2,3,1
Twin Peaks,2,97,3.5
M-N-M's Coffeehouse,1,19,4.5
McDonald's,1,10,2
Deli 194,1,4,3.5
Pei Wei,2,70,3
Denny's,2,5,2
Le Mas Des Oliviers,3,31,4.5
Bangkok Foodland,2,46,4
Las Mkt,2,15,2.5
Athens Gyros,1,25,4
Rôtisserie Panama,3,7,3.5
Applebee's,2,16,2.5
RockSalt - Charlotte,3,116,3
Pizza Patron,1,4,4.5
Otto Yakitori Izakaya,3,9,4
Round Corner Cantina,2,268,3.5
Giuseppe's Italian Grille,2,111,3.5
Le Vin Papillon,3,42,4.5
Maximillians Coyote Cafe,1,3,3.5
Come Back In,1,84,3.5
Mintleaf,,4,4.5
Delta Indian Takeway,3,5,4
Big Beef Noodle,1,6,3.5
Raising Cane's,1,44,3.5
Royal Cafe & Creperie,1,132,4.5
Zoës Kitchen,1,156,4
Hopdoddy Burger Bar,2,648,4
Paradise Bakery & Cafe,1,23,1.5
Sonic Drive-In,1,13,2
Subway,1,5,2
Restaurant Hellas,2,7,3
Chipotle Mexican Grill,1,73,3.5
Arby's,,3,2.5
Panda Express,1,9,3.5
Rosati's Pizza,2,50,3
Spectrum Cafe,1,5,4
Im Schlachthof,2,15,4
La Flor De Michoacan Restaurant,1,39,4
China A Go Go,1,63,3.5
Charley's Grilled Subs,1,9,4
Kimberly Ann's Tea Room & Cafe,2,72,3
Restaurant Delphi,2,19,4.5
Cafe Paris French Bistro & Catering,1,61,4.5
Pagoda Chinese Restaurant,1,8,2.5
Dinette Triple Crown,2,153,4.5
Pizza Hut,2,18,2.5
Asahi Japanese Restaurant,2,6,3
Filiberto's Mexican Food,1,63,2.5
Taqueria La Jacky,1,10,4
The Boathouse,2,49,2.5
Babbo Italian Eatery,2,203,3.5
Captain D's,1,5,3
McDonalds,1,15,1.5
Toro Sushi Bar,,4,2.5
Sushi Rock,2,41,3
Osaka Japan,1,10,3.5
Dean Gallery Café,2,7,4.5
Chino Bandido,1,1122,4
El Carbonero,1,7,3.5
Ciao Pizzeria,1,36,3
Papa Murphy's Take and Bake Pizza,2,5,3
Drogheria Fine,1,6,4.5
Someburros,1,73,3.5
Mr. Cooks Chinese Cuisine,1,77,3
Maison India,2,22,4
Gooseberry on the Square,2,13,3
Asiatique Thai Bistro,2,38,3.5
Wienerschnitzel,1,35,3
Hungry Howie's Pizza,1,14,3
Sushi Kaya,2,776,3.5
Copper Still Moonshine Grill,2,170,4
Jade Palace,2,185,3.5
La Piazzetta,2,5,4.5
Yeni Meze Bar,2,14,4
Athens Pizza,1,25,3.5
Da Vang,1,454,4
KFC,1,5,3.5
Chipotle Mexican Grill,1,31,3.5
Panera Bread,1,159,3.5
Taste Good,2,29,4
Qdoba Mexican Grill,1,28,3
Zesty Zzeeks Pizza and Wings,2,74,4
Eggspectation,2,38,3.5
Sammy's Place,1,9,3
Brulerie Aux Quatres Vents,1,11,3
WP Kitchen + Bar,2,16,3
Spinato's Pizzeria,2,198,3.5
Kavabean Bistro,1,11,4
La Mojarra Loca & Grill,2,57,4
Subway,1,5,4
608 Sports Bar & Restaurant,2,5,3
Jimmy John's,1,10,2
Corduroy,2,128,4
Nekter Juice Bar,2,88,4
Qdoba Mexican Grill,1,60,3.5
Fair Trade Coffee Shop,1,20,4
Applebee's,2,81,2.5
Dillon's KC BBQ Bayou,2,30,2.5
Quivey's Grove,2,109,3.5
Subway,1,9,2
Dairy Queen,1,25,3.5
Brûlerie aux quatre vents,,8,4
Yafo Kitchen,2,56,4.5
Happiness,2,9,3
Mr Basrai's,2,4,4.5
Panda Express,1,24,2
Old School Pizzeria,2,461,4.5
Whataburger,1,31,3
